"","date","timestamp","volume","price","log_p","log_p_lag","percent_change","S3_mean","positive","negative"
"1","2018-01-01",1514869199,0.00012,13164.83,9.48530415882007,NA,NA,0.0866666666666667,0.38,-0.12
"2","2018-01-02",1514955596,0.0097,15090.01,9.6217882144522,9.48530415882007,0.136484055632128,0.1,0.4,-0.1
"3","2018-01-03",1515041999,0.1,14986.76,9.61492242363808,9.6217882144522,-0.0068657908141212,0.09,0.4,-0.13
"4","2018-01-04",1515128398,0.031,14938.79,9.61171646477771,9.61492242363808,-0.00320595886037012,0.11,0.45,-0.12
"5","2018-01-05",1515214798,0.0065683,16550.02,9.71414258926369,9.61171646477771,0.102426124485985,0.0433333333333333,0.32,-0.19
"6","2018-01-06",1515301186,0.9117,16635.31,9.71928282368621,9.71414258926369,0.00514023442252132,0.0566666666666667,0.25,-0.08
"7","2018-01-07",1515387599,0.00477121,15680.08,9.6601463959322,9.71928282368621,-0.0591364277540141,0.0766666666666667,0.35,-0.12
"8","2018-01-08",1515473996,0.0849,15328.99,9.63750108580762,9.6601463959322,-0.0226453101245809,0.06,0.27,-0.09
"9","2018-01-09",1515560398,0.03,14374.28,9.57319577745464,9.63750108580762,-0.0643053083529832,0.0666666666666667,0.25,-0.05
"10","2018-01-10",1515646798,0.0330165,13369.87,9.50075894678769,9.57319577745464,-0.0724368306669501,0.06,0.31,-0.13
"11","2018-01-11",1515733198,0.00602654,13699.99,9.52515038188894,9.50075894678769,0.024391435101256,0.0733333333333333,0.36,-0.14
"12","2018-01-12",1515819597,0.02096651,14140,9.55676293945056,9.52515038188894,0.0316125575616226,0.0866666666666667,0.39,-0.13
"13","2018-01-13",1515905999,0.09132659,13862.13,9.53691594059006,9.55676293945056,-0.0198469988604995,0.0633333333333333,0.3,-0.11
"14","2018-01-14",1515992389,0.00219572,13620.01,9.51929531391762,9.53691594059006,-0.017620626672441,0.0966666666666667,0.38,-0.09
"15","2018-01-15",1516078796,0.61508525,13024.99,9.47462509886696,9.51929531391762,-0.0446702150506688,0.113333333333333,0.46,-0.12
"16","2018-01-16",1516165196,0.06127379,11140.14,9.31831008072726,9.47462509886696,-0.156315018139694,0.0733333333333333,0.3,-0.08
"17","2018-01-17",1516251599,0.04925245,11145.01,9.31874714308291,9.31831008072726,0.000437062355651108,0.0766666666666667,0.29,-0.06
"18","2018-01-18",1516337998,0.14873402,11389,9.34040325627435,9.31874714308291,0.0216561131914386,0.106666666666667,0.41,-0.09
"19","2018-01-19",1516424396,0.24532843,12198.01,9.40902810266259,9.34040325627435,0.0686248463882393,0.07,0.32,-0.11
"20","2018-01-20",1516510795,0.01,12234.74,9.41203472514015,9.40902810266259,0.00300662247755668,0.0766666666666667,0.33,-0.1
"21","2018-01-21",1516597191,0.2009,11583.5,9.35733695071052,9.41203472514015,-0.0546977744296235,0.0766666666666667,0.38,-0.15
"22","2018-01-22",1516683598,1.0853,10589.99,9.26766449430794,9.35733695071052,-0.0896724564025799,0.0166666666666667,0.22,-0.17
"23","2018-01-23",1516769995,0.09450125,10664.58,9.27468324897669,9.26766449430794,0.00701875466874391,0.0733333333333333,0.34,-0.12
"24","2018-01-24",1516856398,2.0006,11415.01,9.34268443500381,9.27468324897669,0.0680011860271215,0.08,0.37,-0.13
"25","2018-01-25",1516942790,0.048713,11425.28,9.34358372312074,9.34268443500381,0.000899288116931629,0.0366666666666667,0.19,-0.08
"26","2018-01-26",1517029194,0.14484458,11000,9.30565055178051,9.34358372312074,-0.0379331713402333,0.0933333333333333,0.33,-0.05
"27","2018-01-27",1517115595,0.001738,11474.62,9.34789291891201,9.30565055178051,0.0422423671315002,0.08,0.37,-0.13
"28","2018-01-28",1517201996,0.14756824,11269,9.32981087195235,9.34789291891201,-0.018082046959659,0.0833333333333333,0.34,-0.09
"29","2018-01-29",1517288384,0.0283,10943.65,9.30051465835678,9.32981087195235,-0.0292962135955719,0.07,0.33,-0.12
"30","2018-01-30",1517374797,0.61592697,9829.53,9.19314639918024,9.30051465835678,-0.107368259176537,0.11,0.43,-0.1
"31","2018-01-31",1517461151,0.10267155,10049.98,9.21532592343549,9.19314639918024,0.0221795242552503,0.07,0.37,-0.16
"32","2018-02-01",1517547586,0.01736019,8637.87,9.06391130362736,9.21532592343549,-0.151414619808135,0.0833333333333333,0.34,-0.09
"33","2018-02-02",1517633998,0.00535473,8380.01,9.03360438679284,9.06391130362736,-0.0303069168345154,0.06,0.32,-0.14
"34","2018-02-03",1517720398,0.02198255,9084.54,9.11432934663699,9.03360438679284,0.0807249598441508,0.0966666666666667,0.39,-0.1
"35","2018-02-04",1517806799,0.01205737,8273,9.02075247919018,9.11432934663699,-0.0935768674468083,0.0766666666666667,0.3,-0.07
"36","2018-02-05",1517893199,0.07797074,6012.88,8.70165911408008,9.02075247919018,-0.319093365110104,0.106666666666667,0.44,-0.12
"37","2018-02-06",1517979598,0.13569067,7491,8.92145757894788,8.70165911408008,0.219798464867806,0.0733333333333333,0.35,-0.13
"38","2018-02-07",1518065999,1.5804874,8138.1,9.00431201651759,8.92145757894788,0.0828544375697113,0.06,0.28,-0.1
"39","2018-02-08",1518152396,0.13,7843.26,8.96740984324333,9.00431201651759,-0.036902173274262,0.09,0.34,-0.07
"40","2018-02-09",1518238799,0.00829718,8808.7,9.08349514845087,8.96740984324333,0.116085305207532,0.0533333333333333,0.28,-0.12
"41","2018-02-10",1518325199,0.002571,8001.01,8.98732306269311,9.08349514845087,-0.0961720857577522,0.126666666666667,0.45,-0.07
"42","2018-02-11",1518411588,0.0127,8490,9.04664427930539,8.98732306269311,0.0593212166122807,0.0733333333333333,0.34,-0.12
"43","2018-02-12",1518497999,0.21331113,8590,9.0583540149783,9.04664427930539,0.0117097356729072,0.0866666666666667,0.4,-0.14
"44","2018-02-13",1518584398,0.7413,8797.21,9.08218990474222,9.0583540149783,0.0238358897639159,0.0966666666666667,0.4,-0.11
"45","2018-02-14",1518670799,1.9365,9745.62,9.18457323228829,9.08218990474222,0.102383327546073,0.0866666666666667,0.35,-0.09
"46","2018-02-15",1518757198,0.88950437,10003.35,9.21067531587621,9.18457323228829,0.0261020835879204,0.09,0.37,-0.1
"47","2018-02-16",1518843588,0.15938157,10577,9.26643711132805,9.21067531587621,0.0557617954518417,0.11,0.38,-0.05
"48","2018-02-17",1518929996,1.37416943,10984.98,9.30428416415251,9.26643711132805,0.0378470528244588,0.13,0.45,-0.06
"49","2018-02-18",1519016399,0.04738746,10525,9.26150865855058,9.30428416415251,-0.042775505601929,0.106666666666667,0.38,-0.06
"50","2018-02-19",1519102794,1.0001534,11451.34,9.34586203270253,9.26150865855058,0.0843533741519469,0.09,0.39,-0.12
"51","2018-02-20",1519189198,0.8554248,10749.15,9.28258196066219,9.34586203270253,-0.0632800720403406,0.04,0.24,-0.12
"52","2018-02-21",1519275594,0.1607,10728.25,9.28063572819484,9.28258196066219,-0.00194623246734871,0.0766666666666667,0.33,-0.1
"53","2018-02-22",1519361998,0.00203027,9826.99,9.19288796075735,9.28063572819484,-0.0877477674374898,0.0966666666666667,0.37,-0.08
"54","2018-02-23",1519448396,0.001,10393,9.24888778158842,9.19288796075735,0.0559998208310724,0.0133333333333333,0.21,-0.17
"55","2018-02-24",1519534796,0.00090558,9714.46,9.18137077611846,9.24888778158842,-0.0675170054699628,0.0466666666666667,0.25,-0.11
"56","2018-02-25",1519621199,0.00178553,9675.79,9.17738216831127,9.18137077611846,-0.00398860780719268,0.113333333333333,0.39,-0.05
"57","2018-02-26",1519707591,0.0109,10290.03,9.23893074427574,9.17738216831127,0.0615485759644745,0.0833333333333333,0.37,-0.12
"58","2018-02-27",1519793997,0.55812392,10897.5,9.29628868411255,9.23893074427574,0.0573579398368071,0.126666666666667,0.43,-0.05
"59","2018-02-28",1519880391,0.0738,10418,9.25129035830514,9.29628868411255,-0.0449983258074109,0.0533333333333333,0.31,-0.15
"60","2018-03-01",1519966796,0.503,10993,9.30501398557886,9.25129035830514,0.053723627273726,0.0766666666666667,0.26,-0.03
"61","2018-03-02",1520053198,0.01,11354,9.33732538373067,9.30501398557886,0.0323113981518084,0.146666666666667,0.52,-0.08
"62","2018-03-03",1520139597,0.00644501,11190,9.32277580130597,9.33732538373067,-0.0145495824247011,0.0866666666666667,0.38,-0.12
"63","2018-03-04",1520225997,0.02241581,11505.99,9.35062304831109,9.32277580130597,0.0278472470051216,0.126666666666667,0.45,-0.07
"64","2018-03-05",1520312395,0.00657,11267.9,9.3297132542675,9.35062304831109,-0.0209097940435949,0.0866666666666667,0.36,-0.1
"65","2018-03-06",1520398798,0.0926273,10769.03,9.28442970109898,9.3297132542675,-0.0452835531685167,0.0933333333333333,0.43,-0.15
"66","2018-03-07",1520485194,2.42438695,9790.17,9.18913410003161,9.28442970109898,-0.0952956010673756,0.106666666666667,0.39,-0.07
"67","2018-03-08",1520571598,0.63924339,8640,9.0641578617981,9.18913410003161,-0.124976238233504,0.0266666666666667,0.26,-0.18
"68","2018-03-09",1520657990,0.0141,9323,9.14023974429669,9.0641578617981,0.0760818824985918,0.0466666666666667,0.29,-0.15
"69","2018-03-10",1520744394,0.05,8692.53,9.07021931512714,9.14023974429669,-0.0700204291695528,0.06,0.31,-0.13
"70","2018-03-11",1520827193,0.099,9441.53,9.15287332227779,9.07021931512714,0.0826540071506532,0.08,0.35,-0.11
"71","2018-03-12",1520913598,0.17007509,9041,9.10952506673737,9.15287332227779,-0.0433482555404261,0.0866666666666667,0.36,-0.1
"72","2018-03-13",1520999996,0.00323571,9248.4,9.13220584257195,9.10952506673737,0.0226807758345799,0.0633333333333333,0.33,-0.14
"73","2018-03-14",1521086398,0.25269283,7895.01,8.97398619331339,9.13220584257195,-0.158219649258561,0.0833333333333333,0.33,-0.08
"74","2018-03-15",1521172795,0.0616,8038.16,8.99195548026015,8.97398619331339,0.0179692869467658,0.03,0.24,-0.15
"75","2018-03-16",1521259199,0.0329,8206.26,9.01265255663376,8.99195548026015,0.0206970763736081,0.12,0.42,-0.06
"76","2018-03-17",1521345599,0.73837273,7668.42,8.94486587574849,9.01265255663376,-0.0677866808852734,0.133333333333333,0.45,-0.05
"77","2018-03-18",1521431999,0.4742141,8184.99,9.01005726805739,8.94486587574849,0.065191392308904,0.0933333333333333,0.35,-0.07
"78","2018-03-19",1521518396,0.05,8592.32,9.05862406000297,9.01005726805739,0.048566791945575,0.0766666666666667,0.33,-0.1
"79","2018-03-20",1521604799,0.17790905,9022.01,9.10742242636941,9.05862406000297,0.0487983663664462,0.08,0.37,-0.13
"80","2018-03-21",1521691199,0.0483,9019.51,9.10714528785603,9.10742242636941,-0.000277138513386177,0.0966666666666667,0.41,-0.12
"81","2018-03-22",1521777595,0.11872219,8402.02,9.03622743211212,9.10714528785603,-0.0709178557439092,0.07,0.34,-0.13
"82","2018-03-23",1521863990,0.0206,8877.74,9.09130229908994,9.03622743211212,0.0550748669778276,0.0833333333333333,0.33,-0.08
"83","2018-03-24",1521950389,1.02323511,8541.01,9.05263454676855,9.09130229908994,-0.0386677523213947,0.113333333333333,0.42,-0.08
"84","2018-03-25",1522036798,0.02,8429.99,9.03955086475558,9.05263454676855,-0.0130836820129723,0.08,0.29,-0.05
"85","2018-03-26",1522123199,0.0777,7860,8.96954188542325,9.03955086475558,-0.0700089793323251,0.126666666666667,0.46,-0.08
"86","2018-03-27",1522209596,0.0337,7860,8.96954188542325,8.96954188542325,0,0.12,0.39,-0.03
"87","2018-03-28",1522295999,0.17476638,7870,8.97081334141145,8.96954188542325,0.00127145598819567,0.0966666666666667,0.35,-0.06
"88","2018-03-29",1522382393,0.0465,6867.3,8.83452629486607,8.97081334141145,-0.136287046545378,0.113333333333333,0.41,-0.07
"89","2018-03-30",1522468799,0.01309546,6969,8.84922702143852,8.83452629486607,0.0147007265724497,0.126666666666667,0.47,-0.09
"90","2018-03-31",1522555190,0.0125,6934,8.84419212624497,8.84922702143852,-0.00503489519355149,0.1,0.35,-0.05
"91","2018-04-01",1522641587,0.87247929,6992.01,8.8525233475403,8.84419212624497,0.00833122129533059,0.126666666666667,0.42,-0.04
"92","2018-04-02",1522727995,8.42008523,7194,8.88100262425557,8.8525233475403,0.0284792767152702,0.1,0.37,-0.07
"93","2018-04-03",1522814388,0.00107465,7291.99,8.89453176443173,8.88100262425557,0.0135291401761641,0.0566666666666667,0.32,-0.15
"94","2018-04-04",1522900792,0.1811,6767.46,8.81988111086885,8.89453176443173,-0.0746506535628875,0.09,0.36,-0.09
"95","2018-04-05",1522987199,0.00832699,6767.1,8.8198279137202,8.81988111086885,-5.31971486452676e-05,0.103333333333333,0.41,-0.1
"96","2018-04-06",1523073591,0.4131,6850,8.83200393125627,8.8198279137202,0.0121760175360706,0.0666666666666667,0.24,-0.04
"97","2018-04-07",1523159994,0.1931,6958.85,8.84776950979145,8.83200393125627,0.0157655785351754,0.08,0.34,-0.1
"98","2018-04-08",1523246397,0.6371,7119.99,8.87066159991065,8.84776950979145,0.0228920901192069,0.0966666666666667,0.32,-0.03
"99","2018-04-09",1523332794,0.03671413,6789,8.82305893430165,8.87066159991065,-0.0476026656090056,0.0666666666666667,0.25,-0.05
"100","2018-04-10",1523419191,0.0162,6818,8.82732145269785,8.82305893430165,0.00426251839620129,0.07,0.28,-0.07
"101","2018-04-11",1523505589,0.0017,6936,8.84448051846038,8.82732145269785,0.0171590657625291,0.08,0.32,-0.08
"102","2018-04-12",1523591996,2.01932126,7825,8.96507901540835,8.84448051846038,0.120598496947977,0.07,0.3,-0.09
"103","2018-04-13",1523678399,0.2743,8034.39,8.99148635743034,8.96507901540835,0.0264073420219866,0.0833333333333333,0.37,-0.12
"104","2018-04-14",1523764793,0.0915,8087,8.99801311309582,8.99148635743034,0.00652675566548133,0.0866666666666667,0.29,-0.03
"105","2018-04-15",1523851178,0.343,8161.69,9.00720653435742,8.99801311309582,0.00919342126159783,0.08,0.27,-0.03
"106","2018-04-16",1523937591,0.0924,8025.01,8.99031819410336,9.00720653435742,-0.0168883402540612,0.0833333333333333,0.3,-0.05
"107","2018-04-17",1524023999,0.1202,7934.99,8.97903737272027,8.99031819410336,-0.0112808213830888,0.0433333333333333,0.25,-0.12
"108","2018-04-18",1524110397,0.1485,8190.01,9.01067039784759,8.97903737272027,0.03163302512732,0.0966666666666667,0.35,-0.06
"109","2018-04-19",1524196791,0.3748,8331.01,9.02773997631028,9.01067039784759,0.0170695784626922,0.0533333333333333,0.25,-0.09
"110","2018-04-20",1524283190,0.00884307,8870.01,9.09043120269871,9.02773997631028,0.0626912263884236,0.0433333333333333,0.25,-0.12
"111","2018-04-21",1524369597,0.01286005,8840.01,9.08704328685277,9.09043120269871,-0.00338791584593778,0.0666666666666667,0.29,-0.09
"112","2018-04-22",1524455994,0.034,8865.71,9.08994630554378,9.08704328685277,0.00290301869101484,0.106666666666667,0.37,-0.05
"113","2018-04-23",1524542387,0.66856415,9192,9.12608881952859,9.08994630554378,0.0361425139848084,0.113333333333333,0.38,-0.04
"114","2018-04-24",1524628798,0.80872251,9390,9.14740057220231,9.12608881952859,0.0213117526737161,0.0933333333333333,0.35,-0.07
"115","2018-04-25",1524715198,0.08769413,8802.79,9.08282399567255,9.14740057220231,-0.0645765765297543,0.126666666666667,0.44,-0.06
"116","2018-04-26",1524801597,0.0012112,9148.99,9.12139876966331,9.08282399567255,0.0385747739907547,0.04,0.21,-0.09
"117","2018-04-27",1524887999,0.03456072,9150,9.12150915826957,9.12139876966331,0.000110388606259448,0.113333333333333,0.43,-0.09
"118","2018-04-28",1524974393,0.0482,9423.99,9.15101384477026,9.12150915826957,0.0295046865006938,0.07,0.34,-0.13
"119","2018-04-29",1525060799,0.022253,9268.04,9.13432720146872,9.15101384477026,-0.0166866433015418,0.0866666666666667,0.35,-0.09
"120","2018-04-30",1525147196,0.23067805,8948.6,9.09925237445229,9.13432720146872,-0.0350748270164249,0.0833333333333333,0.32,-0.07
"121","2018-05-01",1525233594,0.00200555,9027,9.10797536529815,9.09925237445229,0.00872299084585926,0.0433333333333333,0.24,-0.11
"122","2018-05-02",1525319999,0.001,9215.66,9.12865948989402,9.10797536529815,0.0206841245958671,0.0533333333333333,0.25,-0.09
"123","2018-05-03",1525406398,0.0159,9563.53,9.16571218475253,9.12865948989402,0.0370526948585042,0.07,0.3,-0.09
"124","2018-05-04",1525492799,0.052,9811.01,9.19126050342696,9.16571218475253,0.0255483186744367,0.0833333333333333,0.29,-0.04
"125","2018-05-05",1525579187,0.0493,9816.06,9.1917750988415,9.19126050342696,0.000514595414541574,0.0766666666666667,0.33,-0.1
"126","2018-05-06",1525665595,0.00361884,9317.44,9.13964319183711,9.1917750988415,-0.0521319070043962,0.116666666666667,0.42,-0.07
"127","2018-05-07",1525751994,0.12604757,9420.49,9.15064238320271,9.13964319183711,0.0109991913656025,0.0766666666666667,0.34,-0.11
"128","2018-05-08",1525838381,0.1468,9020.56,9.10726169538673,9.15064238320271,-0.0433806878159828,0.0733333333333333,0.36,-0.14
"129","2018-05-09",1525922905,1.0745,9291.7,9.13687680753182,9.10726169538673,0.0296151121450947,0.0533333333333333,0.28,-0.12
"130","2018-05-10",1526011194,0.27935238,8920.49,9.09610615680073,9.13687680753182,-0.0407706507310888,0.1,0.39,-0.09
"131","2018-05-11",1526097593,0.83936969,8407.5,9.03687944361442,9.09610615680073,-0.0592267131863089,0.0266666666666667,0.26,-0.18
"132","2018-05-12",1526183999,0.09,8445.46,9.04138429785911,9.03687944361442,0.00450485424468461,0.0933333333333333,0.33,-0.05
"133","2018-05-13",1526270395,0.01806594,8405.01,9.03658323561,9.04138429785911,-0.00480106224910593,0.1,0.34,-0.04
"134","2018-05-14",1526356793,0.12021414,8714.01,9.07268735425534,9.03658323561,0.0361041186453352,0.09,0.34,-0.07
"135","2018-05-15",1526443199,0.027663,8167.73,9.00794630347053,9.07268735425534,-0.0647410507848125,0.07,0.3,-0.09
"136","2018-05-16",1526529580,0.01,8360,9.03121370607875,9.00794630347053,0.0232674026082211,0.0966666666666667,0.38,-0.09
"137","2018-05-17",1526615995,0.1135,7996.88,8.98680674459219,9.03121370607875,-0.044406961486553,0.08,0.29,-0.05
"138","2018-05-18",1526702381,1.65139656,8235,9.01614864261174,8.98680674459219,0.0293418980195472,0.08,0.34,-0.1
"139","2018-05-19",1526788789,0.03719544,8255.91,9.01868458649914,9.01614864261174,0.00253594388739486,0.08,0.36,-0.12
"140","2018-05-20",1526875191,0.0258,8492.01,9.04688100040135,9.01868458649914,0.0281964139022151,0.0833333333333333,0.33,-0.08
"141","2018-05-21",1526961590,0.0129,8321.84,9.0266386632105,9.04688100040135,-0.0202423371908491,0.06,0.31,-0.13
"142","2018-05-22",1527047994,0.12605538,7952.09,8.98119006617981,9.0266386632105,-0.0454485970306937,0.11,0.41,-0.08
"143","2018-05-23",1527134399,0.0313,7617.57,8.93821270018423,8.98119006617981,-0.0429773659955757,0.11,0.37,-0.04
"144","2018-05-24",1527220795,0.00655926,7600,8.93590352627442,8.93821270018423,-0.00230917390980956,0.0533333333333333,0.27,-0.11
"145","2018-05-25",1527307198,0.3863,7430.31,8.91332285958706,8.93590352627442,-0.0225806666873609,0.00333333333333334,0.2,-0.19
"146","2018-05-26",1527393597,0.00422,7297.34,8.89526517717102,8.91332285958706,-0.0180576824160443,0.146666666666667,0.46,-0.02
"147","2018-05-27",1527479995,0.0469,7390.01,8.90788436712131,8.89526517717102,0.0126191899502874,0.116666666666667,0.44,-0.09
"148","2018-05-28",1527566396,0.02421836,7115.06,8.86996894337666,8.90788436712131,-0.0379154237446446,0.1,0.38,-0.08
"149","2018-05-29",1527649180,0.00698355,7493.86,8.92183929756717,8.86996894337666,0.0518703541905126,0.0366666666666667,0.24,-0.13
"150","2018-05-30",1527739197,0.19727181,7364.82,8.90446988867954,8.92183929756717,-0.0173694088876353,0.106666666666667,0.38,-0.06
"151","2018-05-31",1527825598,1,7490.98,8.92145490907381,8.90446988867954,0.0169850203942694,0.05,0.26,-0.11
"152","2018-06-01",1527911995,0.07149601,7482.66,8.92034362272577,8.92145490907381,-0.00111128634804025,0.0766666666666667,0.27,-0.04
"153","2018-06-02",1527998395,0.00186336,7645.98,8.94193529850614,8.92034362272577,0.0215916757803747,0.0433333333333333,0.26,-0.13
"154","2018-06-03",1528081090,1.2822,7685.54,8.94709592025752,8.94193529850614,0.00516062175137755,0.07,0.28,-0.07
"155","2018-06-04",1528171190,0.00402775,7407.91,8.91030362722414,8.94709592025752,-0.0367922930333808,0.11,0.4,-0.07
"156","2018-06-05",1528257598,0.43035315,7609.36,8.93713434745055,8.91030362722414,0.0268307202264069,0.0666666666666667,0.31,-0.11
"157","2018-06-06",1528343992,0.027,7727,8.95247596793358,8.93713434745055,0.0153416204830386,0.0533333333333333,0.29,-0.13
"158","2018-06-07",1528430398,0.249653,7639.03,8.94102591074925,8.95247596793358,-0.0114500571843319,0.0333333333333333,0.25,-0.15
"159","2018-06-08",1528516799,0.0197,7659.8,8.9437411527332,8.94102591074925,0.00271524198394779,0.0866666666666667,0.32,-0.06
"160","2018-06-09",1528603196,0.0568,7272.38,8.89183888971758,8.9437411527332,-0.0519022630156183,0.0833333333333333,0.3,-0.05
"161","2018-06-10",1528689593,1.56815,6785.37,8.82252410283816,8.89183888971758,-0.0693147868794242,0.126666666666667,0.5,-0.12
"162","2018-06-11",1528775994,0.6851,6817.85,8.82729945186915,8.82252410283816,0.00477534903099297,0.0566666666666667,0.24,-0.07
"163","2018-06-12",1528862388,0.0198,6554.49,8.78790558996731,8.82729945186915,-0.0393938619018375,0.04,0.19,-0.07
"164","2018-06-13",1528948799,0.0127,6495.46,8.77885875030737,8.78790558996731,-0.00904683965994657,0.0533333333333333,0.29,-0.13
"165","2018-06-14",1529035191,0.4467,6600.12,8.79484310966741,8.77885875030737,0.0159843593600453,0.09,0.33,-0.06
"166","2018-06-15",1529121599,0.00107,6418.21,8.76689454160817,8.79484310966741,-0.0279485680592444,0.0833333333333333,0.38,-0.13
"167","2018-06-16",1529207994,0.5,6532.88,8.78460316638795,8.76689454160817,0.0177086247797877,0.0533333333333333,0.34,-0.18
"168","2018-06-17",1529294333,0.00311474,6413.01,8.76608401848025,8.78460316638795,-0.0185191479077016,0.0566666666666667,0.21,-0.04
"169","2018-06-18",1529380794,0.02,6689.99,8.80836765835285,8.76608401848025,0.0422836398725934,0.123333333333333,0.42,-0.05
"170","2018-06-19",1529467198,0.0146,6613.01,8.79679419984651,8.80836765835285,-0.0115734585063354,0.0666666666666667,0.27,-0.07
"171","2018-06-20",1529553583,0.025,6770,8.82025636590632,8.79679419984651,0.0234621660598098,0.0833333333333333,0.34,-0.09
"172","2018-06-21",1529639998,0.149,6669.99,8.80537363965817,8.82025636590632,-0.0148827262481497,0.0933333333333333,0.39,-0.11
"173","2018-06-22",1529726389,0.014,6110,8.71768205216564,8.80537363965817,-0.0876915874925306,0.06,0.31,-0.13
"174","2018-06-23",1529812780,0.0245,6085,8.71358200542163,8.71768205216564,-0.00410004674401243,0.103333333333333,0.35,-0.04
"175","2018-06-24",1529899178,0.41701002,6136,8.72192834304709,8.71358200542163,0.00834633762546311,0.11,0.4,-0.07
"176","2018-06-25",1529985591,0.0038,6238.01,8.73841650024437,8.72192834304709,0.0164881571972817,0.0466666666666667,0.31,-0.17
"177","2018-06-26",1530071987,0.0431,6039.7,8.70610962082115,8.73841650024437,-0.0323068794232242,0.14,0.5,-0.08
"178","2018-06-27",1530158399,0.09575476,6094.39,8.71512395487238,8.70610962082115,0.00901433405122809,0.0733333333333333,0.3,-0.08
"179","2018-06-28",1530244796,0.0324,5878.8,8.67910793843253,8.71512395487238,-0.0360160164398469,0.103333333333333,0.4,-0.09
"180","2018-06-29",1530331196,1,6365,8.75856951099151,8.67910793843253,0.0794615725589765,0.0733333333333333,0.32,-0.1
"181","2018-06-30",1530417598,0.0037,6350.15,8.75623371365499,8.75856951099151,-0.00233579733652078,0.05,0.34,-0.19
"182","2018-07-01",1530503999,0.001,6329.8,8.75302391906245,8.75623371365499,-0.00320979459253401,0.0766666666666667,0.38,-0.15
"183","2018-07-02",1530590399,0.09260971,6634.19,8.79999185943453,8.75302391906245,0.046967940372074,0.1,0.38,-0.08
"184","2018-07-03",1530676796,0.0180087,6464.88,8.77413972954877,8.79999185943453,-0.0258521298857524,0.0733333333333333,0.29,-0.07
"185","2018-07-04",1530763199,0.001,6627,8.79890749208823,8.77413972954877,0.0247677625394527,0.0733333333333333,0.3,-0.08
"186","2018-07-05",1530849595,0.0132,6525.17,8.78342228549135,8.79890749208823,-0.0154852065968747,0.0433333333333333,0.2,-0.07
"187","2018-07-06",1530935997,0.00078862,6599.32,8.7947218924035,8.78342228549135,0.0112996069121483,0.06,0.28,-0.1
"188","2018-07-07",1531022398,0.0181,6722.89,8.81327340059191,8.7947218924035,0.0185515081884127,0.0433333333333333,0.18,-0.05
"189","2018-07-08",1531108792,0.0294,6709.51,8.81128120196393,8.81327340059191,-0.00199219862798472,0.09,0.37,-0.1
"190","2018-07-09",1531195196,0.1092,6634.52,8.80004160051713,8.81128120196393,-0.0112396014467997,0.0266666666666667,0.26,-0.18
"191","2018-07-10",1531281593,0.0162,6344.51,8.75534515100406,8.80004160051713,-0.0446964495130651,0.0433333333333333,0.31,-0.18
"192","2018-07-11",1531367997,0.17450282,6348.33,8.75594706517226,8.75534515100406,0.000601914168196771,0.0733333333333333,0.32,-0.1
"193","2018-07-12",1531454399,0.0076434,6249.99,8.74033514272917,8.75594706517226,-0.0156119224430924,0.06,0.24,-0.06
"194","2018-07-13",1531540798,0.00160298,6207.34,8.73348774177829,8.74033514272917,-0.00684740095088188,0.0833333333333333,0.34,-0.09
"195","2018-07-14",1531627196,0.00175201,6252.93,8.74080543287806,8.73348774177829,0.00731769109977343,-0.0366666666666667,0.21,-0.32
"196","2018-07-15",1531713599,0.02964646,6358.18,8.75749745185956,8.74080543287806,0.0166920189815034,0.0866666666666667,0.35,-0.09
"197","2018-07-16",1531799998,0.00870905,6742,8.81611189579401,8.75749745185956,0.0586144439344434,0.103333333333333,0.4,-0.09
"198","2018-07-17",1531886397,0.00122675,7464.99,8.91797937038766,8.81611189579401,0.101867474593659,0.0933333333333333,0.35,-0.07
"199","2018-07-18",1531972798,0.01306719,7320.27,8.89840249152101,8.91797937038766,-0.0195768788666495,0.09,0.36,-0.09
"200","2018-07-19",1532059199,0.02629106,7456.14,8.91679313301318,8.89840249152101,0.0183906414921644,0.0933333333333333,0.33,-0.05
"201","2018-07-20",1532145599,6e-04,7284.86,8.8935535008743,8.91679313301318,-0.0232396321388837,0.126666666666667,0.44,-0.06
"202","2018-07-21",1532231998,0.10226809,7414.85,8.91124002510242,8.8935535008743,0.0176865242281199,0.11,0.37,-0.04
"203","2018-07-22",1532318398,0.00626507,7625,8.93918760147561,8.91124002510242,0.0279475763731973,0.0633333333333333,0.3,-0.11
"204","2018-07-23",1532404798,0.01297292,7754.14,8.9559821732652,8.93918760147561,0.0167945717895854,0.08,0.29,-0.05
"205","2018-07-24",1532491198,0.0101,8361.99,9.03145171602964,8.9559821732652,0.075469542764445,0.0366666666666667,0.26,-0.15
"206","2018-07-25",1532577599,0.00456719,8219.99,9.01432427150447,9.03145171602964,-0.017127444525169,0.06,0.33,-0.15
"207","2018-07-26",1532663999,0.05298581,7878.78,8.97192834853069,9.01432427150447,-0.0423959229737889,0.0866666666666667,0.36,-0.1
"208","2018-07-27",1532750396,0.48081444,8156.31,9.00654713979988,8.97192834853069,0.0346187912691995,0.0633333333333333,0.35,-0.16
"209","2018-07-28",1532836796,0.51914752,8224.89,9.01492020168396,9.00654713979988,0.00837306188407361,0.106666666666667,0.38,-0.06
"210","2018-07-29",1532923198,0.03508077,8182.68,9.0097750043002,9.01492020168396,-0.00514519738375974,0.113333333333333,0.42,-0.08
"211","2018-07-30",1533009599,0.00637911,8112.61,9.00117492024245,9.0097750043002,-0.00860008405774693,0.106666666666667,0.41,-0.09
"212","2018-07-31",1533095999,0.13875467,7540,8.927977461002,9.00117492024245,-0.0731974592404505,0.05,0.28,-0.13
"213","2018-08-01",1533182397,0.09312261,7642.88,8.94152977447852,8.927977461002,0.0135523134765165,0.0966666666666667,0.35,-0.06
"214","2018-08-02",1533268799,0.00977735,7328.34,8.89950430265755,8.94152977447852,-0.0420254718209634,0.0733333333333333,0.3,-0.08
"215","2018-08-03",1533355194,0.02277808,7460.62,8.91739379966394,8.89950430265755,0.0178894970063848,0.0833333333333333,0.36,-0.11
"216","2018-08-04",1533441597,0.42558591,7007.01,8.8546663555138,8.91739379966394,-0.0627274441501395,0.07,0.31,-0.1
"217","2018-08-05",1533527999,0.20269955,7097.14,8.86744716497548,8.8546663555138,0.0127808094616775,0.0633333333333333,0.29,-0.1
"218","2018-08-06",1533614399,0.001,6926.44,8.84310125167682,8.86744716497548,-0.0243459132986619,0.116666666666667,0.44,-0.09
"219","2018-08-07",1533700785,0.15,6588.01,8.79300660920773,8.84310125167682,-0.050094642469082,0.0433333333333333,0.3,-0.17
"220","2018-08-08",1533787195,0.05829575,6324.98,8.75226215153539,8.79300660920773,-0.0407444576723481,0.03,0.28,-0.19
"221","2018-08-09",1533861618,0.0292562,6556.25,8.78817407214461,8.75226215153539,0.0359119206092213,0.0166666666666667,0.28,-0.23
"222","2018-08-10",1533959996,0.00361562,6114.33,8.718390475479,8.78817407214461,-0.0697835966656069,0.0833333333333333,0.36,-0.11
"223","2018-08-11",1534046398,0.1978,6288.02,8.74640151476556,8.718390475479,0.0280110392865627,0.1,0.4,-0.1
"224","2018-08-12",1534132797,0.54708782,6346.71,8.75569184738503,8.74640151476556,0.00929033261946799,0.126666666666667,0.45,-0.07
"225","2018-08-13",1534219195,0.06619951,5998,8.69918135930895,8.75569184738503,-0.0565104880760767,0.106666666666667,0.43,-0.11
"226","2018-08-14",1534305598,0.00292347,6300.01,8.74830649967995,8.69918135930895,0.0491251403709985,0.0633333333333333,0.25,-0.06
"227","2018-08-15",1534391999,0.081003,6280,8.74512525946224,8.74830649967995,-0.00318124021770849,0.0666666666666667,0.34,-0.14
"228","2018-08-16",1534478397,0.00805843,6421.01,8.76733070518265,8.74512525946224,0.0222054457204077,0.09,0.35,-0.08
"229","2018-08-17",1534564799,0.00731228,6533,8.78462153484075,8.76733070518265,0.0172908296580996,0.0466666666666667,0.24,-0.1
"230","2018-08-18",1534651198,0.00474312,6345.67,8.75552796953039,8.78462153484075,-0.0290935653103581,0.09,0.33,-0.06
"231","2018-08-19",1534737597,0.00116,6493,8.77847995250849,8.75552796953039,0.0229519829780944,0.0833333333333333,0.32,-0.07
"232","2018-08-20",1534823995,0.15537502,6310.01,8.74989254032006,8.77847995250849,-0.0285874121884309,0.126666666666667,0.49,-0.11
"233","2018-08-21",1534910397,0.03718119,6727.99,8.81403171532588,8.74989254032006,0.0641391750058204,0.0533333333333333,0.31,-0.15
"234","2018-08-22",1534996799,0.00139971,6402.95,8.76451410064871,8.81403171532588,-0.0495176146771694,0.04,0.27,-0.15
"235","2018-08-23",1535083197,1.49,6494.99,8.77878638945763,8.76451410064871,0.0142722888089253,0.0766666666666667,0.45,-0.22
"236","2018-08-24",1535169598,0.00694,6728.74,8.81414318371393,8.77878638945763,0.0353567942562965,0.0833333333333333,0.32,-0.07
"237","2018-08-25",1535255999,0.00931441,6622,8.79815271810719,8.81414318371393,-0.0159904656067376,0.113333333333333,0.41,-0.07
"238","2018-08-26",1535342394,0.02242606,6672.24,8.80571091461466,8.79815271810719,0.00755819650746403,0.0466666666666667,0.27,-0.13
"239","2018-08-27",1535428799,0.043,6881.18,8.83654542784886,8.80571091461466,0.0308345132342023,0.0833333333333333,0.35,-0.1
"240","2018-08-28",1535515198,0.03535459,7037.4,8.85899406275551,8.83654542784886,0.0224486349066559,0.07,0.38,-0.17
"241","2018-08-29",1535601599,0.00808183,7019,8.85637603673042,8.85899406275551,-0.00261802602509142,0.0933333333333333,0.36,-0.08
"242","2018-08-30",1535687999,0.0138581,6965.41,8.84871175023874,8.85637603673042,-0.0076642864916785,0.1,0.33,-0.03
"243","2018-08-31",1535774397,0.00394768,7060,8.86220033048729,8.84871175023874,0.0134885802485432,0.0666666666666667,0.3,-0.1
"244","2018-09-01",1535860799,0.0134514,7176.01,8.87849879727166,8.86220033048729,0.0162984667843755,0.06,0.26,-0.08
"245","2018-09-02",1535947199,0.00896744,7257.02,8.8897245552341,8.87849879727166,0.0112257579624391,0.13,0.48,-0.09
"246","2018-09-03",1536033598,0.0047,7265.33,8.89086899823499,8.8897245552341,0.00114444300089289,0.04,0.31,-0.19
"247","2018-09-04",1536119999,0.00972472,7368,8.90490157793514,8.89086899823499,0.0140325797001477,0.0566666666666667,0.32,-0.15
"248","2018-09-05",1536206399,0.0039,6407.2,8.76517763700947,8.90490157793514,-0.13972394092567,0.0866666666666667,0.35,-0.09
"249","2018-09-06",1536292794,0.02224617,6494.94,8.77877869118674,8.76517763700947,0.0136010541772702,0.0766666666666667,0.32,-0.09
"250","2018-09-07",1536379198,0.00744714,6414.7,8.76634751056259,8.77877869118674,-0.0124311806241497,0.06,0.28,-0.1
"251","2018-09-08",1536465597,0.04761086,6177.78,8.72871426261462,8.76634751056259,-0.0376332479479728,0.13,0.46,-0.07
"252","2018-09-09",1536551999,0.2588,6307,8.74941540666365,8.72871426261462,0.0207011440490312,0.133333333333333,0.44,-0.04
"253","2018-09-10",1536638399,0.0022,6348.99,8.75605102411802,8.74941540666365,0.00663561745436958,0.0233333333333333,0.33,-0.26
"254","2018-09-11",1536724797,0.00794748,6260,8.74193546409414,8.75605102411802,-0.0141155600238765,0.0733333333333333,0.33,-0.11
"255","2018-09-12",1536811198,0.1339375,6382.13,8.76125717642076,8.74193546409414,0.0193217123266169,0.0866666666666667,0.35,-0.09
"256","2018-09-13",1536897598,4.03869588,6551,8.78737298873188,8.76125717642076,0.0261158123111151,0.0366666666666667,0.3,-0.19
"257","2018-09-14",1536983999,0.00497844,6497.2,8.77912659384524,8.78737298873188,-0.00824639488663514,0.09,0.34,-0.07
"258","2018-09-15",1537070398,0.0086,6485.8,8.77737045074583,8.77912659384524,-0.00175614309941352,0.0733333333333333,0.35,-0.13
"259","2018-09-16",1537156795,0.00215954,6512.43,8.7814679374434,8.77737045074583,0.00409748669756738,0.06,0.25,-0.07
"260","2018-09-17",1537243190,0.00143765,6236.01,8.73809583376843,8.7814679374434,-0.043372103674967,0.07,0.27,-0.06
"261","2018-09-18",1537329598,0.0066,6349.99,8.75620851708235,8.73809583376843,0.0181126833139196,0.0866666666666667,0.31,-0.05
"262","2018-09-19",1537415998,0.00917976,6395.29,8.76331706091283,8.75620851708235,0.0071085438304781,0.143333333333333,0.47,-0.04
"263","2018-09-20",1537502398,0.00729999,6544,8.78630387828258,8.76331706091283,0.0229868173697572,0.0566666666666667,0.36,-0.19
"264","2018-09-21",1537588793,0.0142093,6733.73,8.8148845038771,8.78630387828258,0.0285806255945147,0.0833333333333333,0.36,-0.11
"265","2018-09-22",1537675195,0.00564477,6700.17,8.80988817819149,8.8148845038771,-0.00499632568560493,0.0266666666666667,0.2,-0.12
"266","2018-09-23",1537761599,0.07309445,6706,8.81075792702617,8.80988817819149,0.000869748834681161,0.0666666666666667,0.33,-0.13
"267","2018-09-24",1537847999,0.00346817,6460,8.77338459677665,8.81075792702617,-0.037373330249526,0.0566666666666667,0.3,-0.13
"268","2018-09-25",1537934397,0.00880363,6387.01,8.76202151924065,8.77338459677665,-0.0113630775359965,0.1,0.43,-0.13
"269","2018-09-26",1538020799,0.01532375,6494,8.77863395266279,8.76202151924065,0.0166124334221394,0.0966666666666667,0.33,-0.04
"270","2018-09-27",1538107199,0.01,6693.24,8.80885334081723,8.77863395266279,0.0302193881544355,0.0966666666666667,0.38,-0.09
"271","2018-09-28",1538193599,0.01104601,6486.66,8.77750303932213,8.80885334081723,-0.0313503014950971,0.0333333333333333,0.26,-0.16
"272","2018-09-29",1538279998,0.24792287,6561.06,8.78890745425048,8.77750303932213,0.0114044149283501,0.113333333333333,0.42,-0.08
"273","2018-09-30",1538366398,0.003009,6621.28,8.798043983715,8.78890745425048,0.00913652946452181,0.0566666666666667,0.25,-0.08
"274","2018-10-01",1538452799,0.03060975,6566.7,8.78976670218722,8.798043983715,-0.00827728152778207,0.126666666666667,0.45,-0.07
"275","2018-10-02",1538539198,0.0032,6425,8.76795190976342,8.78976670218722,-0.0218147924237986,0.0766666666666667,0.35,-0.12
"276","2018-10-03",1538625596,0.02915505,6562.01,8.78905223744552,8.76795190976342,0.0211003276820989,0.0666666666666667,0.27,-0.07
"277","2018-10-04",1538711998,0.01,6539.71,8.78564810096044,8.78905223744552,-0.0034041364850772,0.05,0.31,-0.16
"278","2018-10-05",1538798399,0.05828016,6567.18,8.78983979559148,8.78564810096044,0.00419169463104296,0.06,0.31,-0.13
"279","2018-10-06",1538884796,0.00144684,6554,8.78783082925876,8.78983979559148,-0.00200896633272585,0.07,0.33,-0.12
"280","2018-10-07",1538971199,0.01138247,6556.3,8.7881816984263,8.78783082925876,0.000350869167540679,0.06,0.35,-0.17
"281","2018-10-08",1539057596,0.1453,6601.09,8.79499006589366,8.7881816984263,0.00680836746735913,0.05,0.28,-0.13
"282","2018-10-09",1539143995,0.226,6540.41,8.78575513361774,8.79499006589366,-0.00923493227592331,0.0733333333333333,0.32,-0.1
"283","2018-10-10",1539230399,0.01308692,6220.34,8.73557984661871,8.78575513361774,-0.0501752869990231,0.0733333333333333,0.32,-0.1
"284","2018-10-11",1539316798,0.04746211,6189.99,8.73068875016845,8.73557984661871,-0.00489109645026176,0.14,0.47,-0.05
"285","2018-10-12",1539403199,0.00611454,6185.4,8.72994695533039,8.73068875016845,-0.000741794838056364,0.0833333333333333,0.37,-0.12
"286","2018-10-13",1539489597,0.00463,6222.07,8.7358579277961,8.72994695533039,0.00591097246570271,0.0566666666666667,0.28,-0.11
"287","2018-10-14",1539575999,0.01081633,6218.39,8.73526630978401,8.7358579277961,-0.000591618012089512,0.0566666666666667,0.34,-0.17
"288","2018-10-15",1539662398,0.08269267,6426,8.7681075396758,8.73526630978401,0.0328412298917957,0.0666666666666667,0.3,-0.1
"289","2018-10-16",1539748799,0.01497029,6447.93,8.77151442804813,8.7681075396758,0.00340688837232861,0.133333333333333,0.47,-0.07
"290","2018-10-17",1539835199,0.03934738,6460.89,8.77352235818494,8.77151442804813,0.00200793013680922,0.0866666666666667,0.42,-0.16
"291","2018-10-18",1539921598,0.03832752,6395,8.76327171401294,8.77352235818494,-0.0102506441719985,0.106666666666667,0.38,-0.06
"292","2018-10-19",1540007997,0.00233,6382.91,8.76137938520365,8.76327171401294,-0.00189232880929069,0.0633333333333333,0.26,-0.07
"293","2018-10-20",1540094399,0.0025517,6438,8.76997321185875,8.76137938520365,0.00859382665510111,0.0566666666666667,0.26,-0.09
"294","2018-10-21",1540180799,0.00744911,6413,8.76608245914886,8.76997321185875,-0.00389075270988926,0.0166666666666667,0.33,-0.28
"295","2018-10-22",1540267196,0.0028814,6391.99,8.76280092298932,8.76608245914886,-0.00328153615954641,0.0733333333333333,0.32,-0.1
"296","2018-10-23",1540353590,0.00231,6417.04,8.76671223117351,8.76280092298932,0.00391130818418794,0.0566666666666667,0.29,-0.12
"297","2018-10-24",1540439998,0.01497599,6389,8.76233304060234,8.76671223117351,-0.00437919057116254,0.0966666666666667,0.35,-0.06
"298","2018-10-25",1540526396,0.01121298,6390.07,8.76250050192817,8.76233304060234,0.000167461325824902,0.0933333333333333,0.42,-0.14
"299","2018-10-26",1540612790,0.00231,6417.15,8.76672937288638,8.76250050192817,0.004228870958217,0.11,0.42,-0.09
"300","2018-10-27",1540699192,0.3145386,6410.06,8.76562391024532,8.76672937288638,-0.00110546264106226,0.0833333333333333,0.33,-0.08
"301","2018-10-28",1540785599,0.05427597,6409.26,8.76549909863269,8.76562391024532,-0.000124811612634446,0.08,0.36,-0.12
"302","2018-10-29",1540871997,0.01448892,6273.45,8.74408172153532,8.76549909863269,-0.0214173770973716,0.106666666666667,0.42,-0.1
"303","2018-10-30",1540958395,0.00293915,6266.41,8.74295890186434,8.74408172153532,-0.00112281967097339,0.13,0.49,-0.1
"304","2018-10-31",1541044791,0.00231,6297.51,8.74790959615722,8.74295890186434,0.00495069429288009,0.0733333333333333,0.3,-0.08
"305","2018-11-01",1541131194,0.0039122,6358.5,8.7575477794608,8.74790959615722,0.00963818330357924,0.0433333333333333,0.29,-0.16
"306","2018-11-02",1541217597,0.02965415,6342.22,8.75498414386907,8.7575477794608,-0.00256363559173423,0.0966666666666667,0.36,-0.07
"307","2018-11-03",1541303996,0.03022446,6331.73,8.75332877953586,8.75498414386907,-0.00165536433320668,0.0966666666666667,0.35,-0.06
"308","2018-11-04",1541393988,0.01479,6407.45,8.76521665485234,8.75332877953586,0.0118878753164751,0.113333333333333,0.44,-0.1
"309","2018-11-05",1541480399,0.00287955,6396.11,8.76344527205486,8.76521665485234,-0.00177138279747346,0.05,0.24,-0.09
"310","2018-11-06",1541566793,0.01864429,6496.9,8.77908041904282,8.76344527205486,0.0156351469879592,0.06,0.25,-0.07
"311","2018-11-07",1541653198,0.00740064,6455,8.77261030328074,8.77908041904282,-0.00647011576207923,0.113333333333333,0.43,-0.09
"312","2018-11-08",1541739594,0.01818495,6402.43,8.76443288478471,8.77261030328074,-0.0081774184960377,0.0833333333333333,0.37,-0.12
"313","2018-11-09",1541825999,0.04747914,6350,8.75621009188674,8.76443288478471,-0.00822279289796768,0.08,0.36,-0.12
"314","2018-11-10",1541912393,0.84873555,6353.32,8.75673278990199,8.75621009188674,0.000522698015256395,0.0666666666666667,0.33,-0.13
"315","2018-11-11",1541998796,0.0056288,6365.63,8.75866848488369,8.75673278990199,0.00193569498169488,0.00333333333333334,0.19,-0.18
"316","2018-11-12",1542085198,0.04556417,6300.01,8.74830649967995,8.75866848488369,-0.0103619852037369,0.09,0.35,-0.08
"317","2018-11-13",1542171599,0.01526572,6268.45,8.74328439413438,8.74830649967995,-0.00502210554556903,0.0433333333333333,0.34,-0.21
"318","2018-11-14",1542257999,0.00384752,5543.25,8.62033625033311,8.74328439413438,-0.122948143801278,0.03,0.29,-0.2
"319","2018-11-15",1542344390,0.02215431,5547.64,8.62112789108137,8.62033625033311,0.000791640748266431,0.0733333333333333,0.33,-0.11
"320","2018-11-16",1542430798,0.01763543,5472.79,8.60754382022688,8.62112789108137,-0.0135840708544954,0.0533333333333333,0.3,-0.14
"321","2018-11-17",1542517196,0.01743945,5535,8.61884684514274,8.60754382022688,0.0113030249158612,0.0533333333333333,0.32,-0.16
"322","2018-11-18",1542603595,0.22732197,5495.99,8.61177401439543,8.61884684514274,-0.00707283074730292,0.05,0.3,-0.15
"323","2018-11-19",1542689999,0.001,4640.21,8.44251490281685,8.61177401439543,-0.169259111578585,0.0566666666666667,0.31,-0.14
"324","2018-11-20",1542776398,0.0162986,4455.88,8.40197985126246,8.44251490281685,-0.0405350515543947,0.06,0.3,-0.12
"325","2018-11-21",1542862796,0.00633337,4513.3,8.41478387224651,8.40197985126246,0.0128040209840563,0.0533333333333333,0.3,-0.14
"326","2018-11-22",1542949199,0.3541,4186.06,8.33951523639582,8.41478387224651,-0.075268635850696,0.0733333333333333,0.39,-0.17
"327","2018-11-23",1543035596,0.00241063,4301.01,8.36660515782172,8.33951523639582,0.0270899214259064,0.01,0.27,-0.24
"328","2018-11-24",1543121999,0.46857699,3632.01,8.19754149302136,8.36660515782172,-0.169063664800364,0.0866666666666667,0.38,-0.12
"329","2018-11-25",1543208399,0.17983635,3937.39,8.27827334623572,8.19754149302136,0.0807318532143615,0.06,0.33,-0.15
"330","2018-11-26",1543294799,0.00543868,3697.09,8.21530130270307,8.27827334623572,-0.0629720435326462,0.0333333333333333,0.26,-0.16
"331","2018-11-27",1543381199,0.06077443,4035.88,8.30297964862316,8.21530130270307,0.0876783459200841,0.08,0.4,-0.16
"332","2018-11-28",1543467596,0.02421818,4147.92,8.33036228276035,8.30297964862316,0.0273826341371901,-0.03,0.21,-0.3
"333","2018-11-29",1543553992,0.25,4274,8.36030543587909,8.33036228276035,0.0299431531187455,0.0866666666666667,0.37,-0.11
"334","2018-11-30",1543640398,0.01641927,3949.98,8.28146579459121,8.36030543587909,-0.0788396412878836,0.0966666666666667,0.42,-0.13
"335","2018-12-01",1543726794,0.02318885,4126.19,8.32510974201351,8.28146579459121,0.0436439474223036,0.0533333333333333,0.28,-0.12
"336","2018-12-02",1543813198,0.20796657,3967.82,8.28597210447261,8.32510974201351,-0.0391376375409038,0.133333333333333,0.47,-0.07
"337","2018-12-03",1543899598,0.3304619,3815.04,8.24670642859151,8.28597210447261,-0.0392656758811025,0.0933333333333333,0.35,-0.07
"338","2018-12-04",1543985997,0.0124696,3831.01,8.25088375498176,8.24670642859151,0.00417732639025559,0.09,0.39,-0.12
"339","2018-12-05",1544072398,0.02075571,3688.01,8.21284229616955,8.25088375498176,-0.0380414588122076,0.0766666666666667,0.37,-0.14
"340","2018-12-06",1544158797,0.02758795,3347.5,8.11596907756533,8.21284229616955,-0.0968732186042267,0.05,0.26,-0.11
"341","2018-12-07",1544245198,0.01386677,3445.01,8.14468208620117,8.11596907756533,0.0287130086358385,0.06,0.32,-0.14
"342","2018-12-08",1544331594,0.02833207,3407,8.13358741766097,8.14468208620117,-0.0110946685402009,0.0766666666666667,0.34,-0.11
"343","2018-12-09",1544417999,0.60407699,3528.3,8.1685714475251,8.13358741766097,0.0349840298641357,0.103333333333333,0.4,-0.09
"344","2018-12-10",1544504397,0.10344209,3390.44,8.12871498546237,8.1685714475251,-0.0398564620627297,0.0633333333333333,0.33,-0.14
"345","2018-12-11",1544590799,0.02065658,3342,8.11432470915534,8.12871498546237,-0.0143902763070329,0.0866666666666667,0.39,-0.13
"346","2018-12-12",1544677190,0.33,3365.43,8.12131101994758,8.11432470915534,0.00698631079223944,0.03,0.25,-0.16
"347","2018-12-13",1544763599,0.00449634,3266.67,8.0915263963982,8.12131101994758,-0.0297846235493822,0.113333333333333,0.4,-0.06
"348","2018-12-14",1544849999,0.12185827,3218.77,8.07675457798497,8.0915263963982,-0.0147718184132213,0.0733333333333333,0.4,-0.18
"349","2018-12-15",1544936398,0.00215629,3234.66,8.08167910094788,8.07675457798497,0.00492452296290757,0.0366666666666667,0.3,-0.19
"350","2018-12-16",1545022799,0.16748486,3208.37,8.073518298994,8.08167910094788,-0.0081608019538848,0.06,0.35,-0.17
"351","2018-12-17",1545109199,0.27846453,3520.8,8.16644351549688,8.073518298994,0.0929252165028842,0.04,0.32,-0.2
"352","2018-12-18",1545195599,0.09016019,3711.93,8.21930723596966,8.16644351549688,0.0528637204727787,0.09,0.43,-0.16
"353","2018-12-19",1545281999,0.02556281,3743,8.22764270790443,8.21930723596966,0.00833547193476925,0.0833333333333333,0.35,-0.1
"354","2018-12-20",1545368399,0.09519857,4020.4,8.29913667915059,8.22764270790443,0.0714939712461558,0.0366666666666667,0.33,-0.22
"355","2018-12-21",1545454798,0.00405421,3805.92,8.2443130281922,8.29913667915059,-0.0548236509583866,0.09,0.38,-0.11
"356","2018-12-22",1545541198,0.51927573,3997,8.29329935871132,8.2443130281922,0.0489863305191243,0.05,0.35,-0.2
"357","2018-12-23",1545627599,0.283,4170.8,8.33586314291544,8.29329935871132,0.0425637842041144,0.0733333333333333,0.3,-0.08
"358","2018-12-24",1545713995,0.07449434,3766.14,8.23380588324732,8.33586314291544,-0.102057259668113,0.0166666666666667,0.3,-0.25
"359","2018-12-25",1545800397,0.82504862,3824,8.24905227417129,8.23380588324732,0.0152463909239682,0.00666666666666666,0.22,-0.2
"360","2018-12-26",1545886799,0.00889883,3746.98,8.22870546117603,8.24905227417129,-0.0203468129952658,0.05,0.32,-0.17
"361","2018-12-27",1545973199,3,3593.99,8.1870182849245,8.22870546117603,-0.0416871762515303,0.0966666666666667,0.38,-0.09
"362","2018-12-28",1546059599,0.00951532,3890.01,8.26616700730328,8.1870182849245,0.079148722378779,0.0366666666666667,0.3,-0.19
"363","2018-12-29",1546145997,0.07469509,3767.59,8.23419081873556,8.26616700730328,-0.0319761885677128,0.0633333333333333,0.32,-0.13
"364","2018-12-30",1546232392,0.1695646,3787.71,8.23951689382513,8.23419081873556,0.0053260750895685,0.0566666666666667,0.28,-0.11
"365","2018-12-31",1546318785,0.30396,3681.8,8.21115704201246,8.23951689382513,-0.0283598518126702,0.0166666666666667,0.22,-0.17
