Date,Open,High,Low,Close,Volume (BTC),Volume (Currency),Weighted Price
2018-04-18,8450000.0,8669500.0,8450000.0,8619000.0,1192.1681372159,10227211201.68,8578665.108064
2018-04-17,8650000.0,8675000.0,8430500.0,8460000.0,1122.7831562184,9633177009.9993,8579730.6066156
2018-04-16,8650000.0,8820000.0,8500000.0,8649500.0,1296.5003709231,11189629916.962,8630641.5084136
2018-04-15,8372000.0,8700000.0,8285000.0,8654000.0,1092.5000850509,9319706003.9919,8530622.6805079
2018-04-14,8370000.0,8550000.0,8200000.0,8333000.0,1124.9929927306,9452535743.5811,8402306.3296045
2018-04-13,8146000.0,8637000.0,8000000.0,8370000.0,2189.760098342,18217747376.078,8319517.4621512
2018-04-12,7430000.0,8272500.0,7300000.0,8146000.0,3288.6725076633,25787161005.035,7841206.731575
2018-04-11,7410000.0,7495000.0,7350000.0,7430000.0,644.12243508437,4773467175.8478,7410807.1941673
2018-04-10,7433000.0,7454500.0,7285500.0,7410000.0,827.20396500562,6096127731.4309,7369558.1613774
2018-04-09,7611000.0,7750000.0,7280000.0,7433000.0,1458.8953473532,11013710782.39,7549349.4460529
2018-04-08,7518500.0,7690000.0,7502000.0,7611000.0,815.24497762028,6200201423.2885,7605323.0544111
2018-04-07,7275000.0,7680000.0,7256500.0,7520000.0,1229.2706791752,9210607624.4556,7492741.6560817
2018-04-06,7386500.0,7500000.0,7170000.0,7274500.0,1026.2375189767,7496169129.0428,7304516.7326542
2018-04-05,7492000.0,7602000.0,7200000.0,7414500.0,1824.4876315787,13558327812.217,7431307.0571411
2018-04-04,8111000.0,8129500.0,7403000.0,7494000.0,1843.3162503481,14351150244.626,7785506.2808216
2018-04-03,7714000.0,8190000.0,7662000.0,8111000.0,2047.5203067151,16351200025.82,7985854.8763566
2018-04-02,7469500.0,7800000.0,7391000.0,7714000.0,1279.191171574,9773717883.5277,7640545.1356436
2018-04-01,7678500.0,7774500.0,7060000.0,7469500.0,1813.9537729597,13430083381.93,7403762.7541175
2018-03-31,7572000.0,7930500.0,7555500.0,7691500.0,1362.7159098911,10557825708.528,7747635.1687794
2018-03-30,7883000.0,8100000.0,7419500.0,7583500.0,2679.3760760872,20629327827.941,7699302.8384678
2018-03-29,8730000.0,8750000.0,7780000.0,7890000.0,2440.6667060329,20089370685.823,8231099.5746227
2018-03-28,8642500.0,8896500.0,8587500.0,8729500.0,864.62930275456,7548919864.9239,8730816.5948972
2018-03-27,9074000.0,9150000.0,8543500.0,8642500.0,1552.0884690059,13617676475.092,8773775.9457838
2018-03-26,9483000.0,9548000.0,8800000.0,9082000.0,1194.2627645292,10918775896.548,9142691.3915816
2018-03-25,9550000.0,9700000.0,9416500.0,9471500.0,743.57014341906,7091357574.5517,9536904.6717563
2018-03-24,9861500.0,9990000.0,9515500.0,9550000.0,1312.522049428,12910979651.918,9836771.6241757
2018-03-23,9774000.0,9857000.0,9300000.0,9857000.0,1450.7285037485,13803668923.578,9514991.184023
2018-03-22,9924500.0,10067500.0,9493000.0,9771000.0,1558.6562009183,15232012462.483,9772528.7035772
2018-03-21,9829000.0,10149000.0,9755500.0,9913500.0,1898.5060325837,18929951897.016,9970972.7396832
2018-03-20,9728500.0,9992000.0,9170000.0,9835500.0,2591.1856843895,24873996781.724,9599465.1913896
2018-03-19,8984000.0,9749500.0,8900500.0,9700000.0,2933.7990340873,27223279929.041,9279190.4328616
2018-03-18,8654500.0,9060000.0,8059000.0,8990000.0,2403.9678225929,20311031724.315,8448961.5598963
2018-03-17,9090000.0,9150000.0,8550000.0,8662500.0,1203.0876774854,10660717968.329,8861131.3770674
2018-03-16,9117500.0,9350000.0,8775500.0,9090000.0,1574.0259490309,14294463592.524,9081466.2879759
2018-03-15,9141500.0,9288000.0,8470000.0,9118500.0,2941.6618360714,26239897716.686,8920093.1918568
2018-03-14,10133500.0,10350000.0,8955500.0,9141500.0,2349.5221843505,22655176820.711,9642461.3360159
2018-03-13,10199000.0,10400000.0,9900000.0,10127000.0,1899.5969747141,19270686712.042,10144618.552545
2018-03-12,10460000.0,10880500.0,9885000.0,10234000.0,2216.5857831089,23087024357.166,10415579.01034
2018-03-11,9874500.0,10710000.0,9561500.0,10477000.0,2277.1867820816,23112357254.731,10149521.961305
2018-03-10,10410000.0,10551500.0,9802000.0,9875000.0,1721.9074447997,17695897396.46,10276915.550776
2018-03-09,10465000.0,10625000.0,9289000.0,10410000.0,3575.3946381337,35565607641.282,9947323.6498018
2018-03-08,11144000.0,11379500.0,10456000.0,10465000.0,2478.1415296239,26926805131.533,10865725.306504
2018-03-07,11984500.0,12210000.0,10914000.0,11127000.0,2960.6068631643,34339406827.526,11598772.959279
2018-03-06,12702000.0,12730000.0,11901000.0,11998000.0,1785.6080886981,22039654262.436,12342940.425693
2018-03-05,12593500.0,12880000.0,12438500.0,12739000.0,1410.153389585,17818153031.382,12635613.375809
2018-03-04,12810000.0,12825500.0,12260500.0,12567500.0,1620.7905186315,20238309856.778,12486690.67602
2018-03-03,12439500.0,12840000.0,12384000.0,12798000.0,1654.3872356412,20880360066.245,12621204.76779
2018-03-02,12190000.0,12550000.0,12119500.0,12430500.0,1833.0799217156,22633409665.36,12347202.86728
2018-03-01,11851000.0,12244500.0,11623000.0,12171500.0,1568.8762283796,18698718688.005,11918542.93523
2018-02-28,11964500.0,12387500.0,11783000.0,11850000.0,2160.9658295179,26012180850.539,12037293.924422
2018-02-27,11787000.0,12150000.0,11471500.0,11964500.0,2004.45815861,23730227349.07,11838724.21938
2018-02-26,11206500.0,11890000.0,10780000.0,11743000.0,2566.3991229284,29208048619.76,11380945.527456
2018-02-25,11516500.0,11629500.0,10805500.0,11204000.0,1402.5665841687,15727182836.125,11213145.253596
2018-02-24,12045500.0,12350000.0,11262000.0,11520000.0,2190.3589784175,25871075677.033,11811340.484346
2018-02-23,11735500.0,12225500.0,11300000.0,12045000.0,2857.0714699268,33676449945.316,11787051.98655
2018-02-22,12814000.0,13039000.0,11640000.0,11737000.0,3546.5399910434,43504230764.547,12266668.605011
2018-02-21,13520000.0,13650000.0,12350000.0,12816500.0,3927.328220316,51274399811.595,13055796.952838
2018-02-20,12668000.0,14160500.0,12653500.0,13514000.0,3999.7347227466,53432984958.296,13359132.208049
2018-02-19,11991000.0,12690000.0,11900000.0,12668000.0,2400.6669259931,29488777759.927,12283577.301224
2018-02-18,12366500.0,12753500.0,11501000.0,11954500.0,3461.7273863554,42231566431.183,12199564.471091
2018-02-17,11417500.0,12400000.0,11378000.0,12370000.0,3276.8782358406,39122908057.323,11939078.977491
2018-02-16,11381000.0,11749500.0,11127500.0,11426000.0,1613.3536866377,18460105203.562,11442069.61961
2018-02-15,10453000.0,11480000.0,10401500.0,11380500.0,2874.1129566824,31635564158.547,11007070.57633
2018-02-14,9873500.0,10498500.0,9846500.0,10453000.0,1875.7179598943,19180623642.356,10225750.380636
2018-02-13,10147500.0,10220000.0,9653000.0,9875500.0,1280.8293299493,12761504149.074,9963469.6447642
2018-02-12,9312500.0,10234000.0,9311000.0,10148500.0,1525.1991402292,15063222136.247,9876233.0366796
2018-02-11,9948500.0,9985000.0,9070000.0,9318000.0,1566.6436396867,14773332352.196,9429925.209507
2018-02-10,9957000.0,10630000.0,9534000.0,9929500.0,2722.3537266215,27672054656.122,10164753.531299
2018-02-09,9476500.0,9966000.0,9060500.0,9966000.0,2339.5958109474,22042866165.222,9421655.6817547
2018-02-08,8396000.0,9620500.0,8325000.0,9494000.0,2768.0171908551,25421357011.145,9183959.2236388
2018-02-07,8589500.0,9248000.0,7960000.0,8385500.0,2855.5015121332,24636882988.18,8627865.502258
2018-02-06,7814500.0,8722500.0,6500000.0,8589500.0,4959.7701101464,36754518324.898,7410528.614967
2018-02-05,8975000.0,9184000.0,7660500.0,7800000.0,2099.2342861018,17772693415.036,8466274.3614193
2018-02-04,9545000.0,10065000.0,8785000.0,8975000.0,1764.3830727989,16709108988.532,9470227.4387763
2018-02-03,9396500.0,9980000.0,8500500.0,9553000.0,1926.3846375499,17899703732.18,9291863.827852
2018-02-02,10040500.0,10080000.0,7857000.0,9443500.0,4310.3360844985,38611036622.477,8957778.6663403
2018-02-01,11420000.0,11498500.0,9900000.0,10020500.0,2125.5971277645,22561171251.711,10614039.206686
2018-01-31,11550000.0,11739500.0,10500000.0,11420000.0,1768.8344374009,19848965709.002,11221494.385969
2018-01-30,12849500.0,12882500.0,11324000.0,11550000.0,1498.4859439113,18292764968.995,12207498.537655
2018-01-29,13345000.0,13419500.0,12600000.0,12849000.0,1369.0539627124,17735873666.085,12954838.997687
2018-01-28,12849000.0,13497000.0,12811500.0,13261500.0,1375.802959063,18234554828.07,13253754.622311
2018-01-27,12854000.0,13030000.0,12300000.0,12858000.0,1182.0207842657,14998284661.044,12688680.995031
2018-01-26,12977500.0,13185000.0,11550000.0,12852500.0,2318.82168954,28987816205.885,12501097.577552
2018-01-25,13458000.0,13800000.0,12800000.0,12980500.0,1967.7679013779,26073600967.859,13250343.676
2018-01-24,13054500.0,13630000.0,12621000.0,13458000.0,1976.9661710163,25855477908.616,13078361.323363
2018-01-23,13989000.0,14000000.0,12300000.0,13094500.0,2633.7509723381,34678314288.333,13166891.878752
2018-01-22,14585000.0,14795000.0,12900000.0,13961000.0,2533.2210211502,35184303353.003,13889156.555723
2018-01-21,16777500.0,16860000.0,13861000.0,14586500.0,3438.56161614,51313595027.317,14922982.559469
2018-01-20,15298000.0,17170000.0,15204000.0,16779000.0,4095.4179034401,67166778174.998,16400469.929718
2018-01-19,14814500.0,15300000.0,14370500.0,15293000.0,2469.8140312066,36781517418.478,14892423.864201
2018-01-18,14700000.0,16326500.0,13580000.0,14766500.0,3930.017358791,58424735685.909,14866279.293963
2018-01-17,14400000.0,15841500.0,11651500.0,14682000.0,5939.1686013259,79408350580.802,13370280.574806
2018-01-16,19099500.0,19099500.0,11260000.0,14214500.0,6410.1616015052,102452740954.73,15982863.978137
2018-01-15,19220000.0,19999500.0,18450000.0,19005500.0,2912.5885552278,56113351971.605,19265801.161955
2018-01-14,20959500.0,21100000.0,18500000.0,19163000.0,2043.6306269174,39904557158.975,19526306.091413
2018-01-13,20586500.0,21268000.0,19700000.0,20921000.0,2974.5265021869,62109363322.947,20880420.220591
2018-01-12,19174500.0,20799000.0,18400000.0,20515500.0,3609.5831419823,70547874544.546,19544604.396009
2018-01-11,21110000.0,21649500.0,15500000.0,19174500.0,6764.4254981237,129569241082.95,19154507.817241
2018-01-10,23754500.0,23949500.0,20000000.0,21112000.0,4725.9746079431,104220881793.16,22052780.736061
2018-01-09,24810000.0,25430000.0,22500000.0,23756000.0,3249.7096289078,77505932358.253,23850110.074082
2018-01-08,25689500.0,26100000.0,22500000.0,24808000.0,4132.5077451314,103044740160.22,24935159.596886
2018-01-07,26385000.0,26408500.0,24700000.0,25610000.0,2175.7104285089,56159276505.995,25811925.966859
2018-01-06,26349500.0,27000000.0,24200000.0,26385000.0,4080.0193851593,104382828166.32,25583904.955453
2018-01-05,22269500.0,27299000.0,21600000.0,26350000.0,7181.925832583,173452772537.08,24151289.860187
2018-01-04,20550000.0,22269500.0,20200000.0,22269500.0,4178.8111564828,88546237880.765,21189337.006387
2018-01-03,19860000.0,20850000.0,19836500.0,20570000.0,3302.964386774,67372331124.722,20397534.830984
2018-01-02,18671000.0,20550000.0,18602000.0,19836500.0,3714.3481336357,72150764568.986,19424879.406326
2018-01-01,19173500.0,19300000.0,18410000.0,18756500.0,1672.9646744268,31610876465.228,18895124.893213
2017-12-31,18252500.0,19500000.0,18206000.0,19180000.0,2279.770365909,42963616782.372,18845589.636937
2017-12-30,19396000.0,19420000.0,18000000.0,18252500.0,3247.8795621588,61011347584.406,18784978.450325
2017-12-29,19453000.0,19600000.0,18775500.0,19396000.0,4246.9688456245,81101273111.75,19096272.20254
2017-12-28,21815000.0,21850000.0,18700000.0,19450000.0,4953.1043327479,98210221403.587,19828013.86885
2017-12-27,21529500.0,22350000.0,21122000.0,21829500.0,3676.4874480535,80199871121.477,21814264.907647
2017-12-26,19660000.0,22000000.0,19550000.0,21510500.0,5592.9629295809,117786660182.54,21059796.330773
2017-12-25,19240000.0,19760000.0,19110500.0,19659500.0,1970.9791456229,38297426539.814,19430660.453645
2017-12-24,20143000.0,20300000.0,18490000.0,19240000.0,2881.0131840746,55797517000.211,19367324.422062
2017-12-23,19129500.0,20620000.0,19010000.0,20143000.0,3385.6795953796,67177642433.168,19841701.064934
2017-12-22,21578000.0,21919000.0,16850000.0,19130000.0,7610.4460360026,146303329719.51,19224015.127023
2017-12-21,21501500.0,22800000.0,20900000.0,21690000.0,5613.3168700665,122849777767.22,21885416.52126
2017-12-20,21650500.0,22170000.0,20005500.0,21501500.0,6144.3658756594,131157754886.12,21346019.677261
2017-12-19,21851000.0,22542500.0,20640000.0,21697000.0,5284.0785796009,115680365816.8,21892249.343789
2017-12-18,21837000.0,22097000.0,20890000.0,21850000.0,4201.4763021845,91035283680.193,21667451.422458
2017-12-17,22117500.0,22889500.0,21050000.0,21838500.0,6220.7541354105,137338429326.31,22077456.581115
2017-12-16,20051500.0,22485000.0,19850000.0,22119000.0,5627.6658145504,117981740363.39,20964596.02458
2017-12-15,18649000.0,20995500.0,18630000.0,20006000.0,8469.6194529667,169346080524.48,19994532.394861
2017-12-14,18281000.0,19200000.0,16404500.0,18649000.0,4586.5991727984,84868139553.859,18503500.383723
2017-12-13,18730000.0,19120000.0,17530000.0,18236000.0,5913.4273228907,109557002675.52,18526819.844632
2017-12-12,19232500.0,19480000.0,18656000.0,18730000.0,6468.5140903044,123809830794.88,19140382.020726
2017-12-11,17490000.0,19980000.0,17415000.0,19202500.0,9891.4482786599,188183287879.31,19024846.774491
2017-12-10,17809500.0,18264000.0,13999500.0,17499500.0,18877.198217157,306142229985.74,16217567.165634
2017-12-09,20078000.0,20250000.0,15565500.0,17809500.0,11228.601580308,199141047898.22,17735160.204408
2017-12-08,23811000.0,24850000.0,16400000.0,20050000.0,16142.964439637,335183911871.8,20763467.151596
2017-12-07,18600000.0,23999000.0,17950000.0,23835500.0,14444.531076498,289449632598.49,20038700.534173
2017-12-06,14687000.0,18992000.0,14630000.0,18600000.0,12582.480229323,204827976898.43,16278823.663167
2017-12-05,13599500.0,14774500.0,13555000.0,14687000.0,6328.76077076,89333851780.1,14115536.203
2017-12-04,13108500.0,13608000.0,13069500.0,13600000.0,4176.11724723,55826788568.4,13368108.5236
2017-12-03,12885000.0,13450000.0,12730000.0,13106500.0,5293.65005572,69332611488.9,13097316.7397
2017-12-02,12499000.0,13087000.0,12460000.0,12899500.0,5028.4874283,64452652836.3,12817503.0276
2017-12-01,11941500.0,12599000.0,11216500.0,12489000.0,7674.77176127,91510344768.0,11923526.5379
2017-11-30,11200000.0,12549000.0,10220000.0,11941500.0,11864.2103088,136026504785.0,11465280.9791
2017-11-29,11940500.0,13500000.0,10850000.0,11200500.0,13381.1979858,167304950598.0,12502987.4587
2017-11-28,11250000.0,11942000.0,11071000.0,11932000.0,7619.65851799,87781863379.3,11520445.8536
2017-11-27,10334500.0,11276500.0,10312500.0,11266500.0,7436.91805243,80904342382.7,10878745.9822
2017-11-26,9799500.0,10698500.0,9749500.0,10339000.0,8319.41462312,84465289440.2,10152792.3858
2017-11-25,9186000.0,9829500.0,9050000.0,9794500.0,5063.9143862,47683894767.9,9416410.13872
2017-11-24,8865000.0,9640000.0,8851000.0,9184500.0,8663.439827,79376518178.5,9162240.37606
2017-11-23,9029500.0,9090000.0,8865000.0,8865000.0,4708.42599252,42341909832.4,8992795.02316
2017-11-22,8909000.0,9155000.0,8895000.0,9030000.0,5299.2743257,47886906146.6,9036502.58572
2017-11-21,8908000.0,9061000.0,8580500.0,8887500.0,6697.25827018,59324727531.4,8858061.78261
2017-11-20,8731500.0,9010000.0,8660000.0,8904000.0,5504.75901455,48606470563.9,8829899.80767
2017-11-19,8559500.0,8775000.0,8469500.0,8730000.0,4059.95207393,34972214713.2,8613947.67139
2017-11-18,8537500.0,8630000.0,8285500.0,8560000.0,5940.54196202,50410539859.1,8485848.62818
2017-11-17,8627500.0,8821000.0,8410000.0,8503000.0,8981.4200484,77780778620.5,8660187.16432
2017-11-16,8299000.0,8748000.0,8160000.0,8629500.0,10730.5071368,90174403236.3,8403554.65837
2017-11-15,7531000.0,8368500.0,7427500.0,8299000.0,11755.5514211,93792226227.9,7978547.57026
2017-11-14,7416500.0,7650000.0,7380000.0,7525000.0,5204.34813997,39100409847.3,7513027.3371
2017-11-13,7021500.0,7849500.0,7020000.0,7420000.0,13867.4774774,103249515507.99998,7445443.17276
2017-11-12,7249500.0,7763000.0,6501000.0,7021000.0,16480.3275048,117065061376.99998,7103321.29883
2017-11-11,7480500.0,7875500.0,7000000.0,7259500.0,10210.6251,75727860191.9,7416574.34784
2017-11-10,8172000.0,8256000.0,7236000.0,7481000.0,12831.2226097,100185826651.0,7807971.98354
2017-11-09,8338000.0,8338500.0,8015500.0,8172000.0,6152.7446653,50219009565.3,8162049.99511
2017-11-08,8203500.0,8660000.0,8145500.0,8338500.0,6044.72073134,50469323722.2,8349322.65118
2017-11-07,8107000.0,8357000.0,8098000.0,8213000.0,3296.63862994,27090202345.2,8217522.56957
2017-11-06,8440500.0,8477500.0,8035000.0,8094000.0,4475.2492341,37152741524.8,8301826.24059
2017-11-05,8321000.0,8628000.0,8251500.0,8440000.0,4765.65903013,40300348727.8,8456406.23322
2017-11-04,8110000.0,8399000.0,7650000.0,8320500.0,4979.16622563,40420140701.5,8117853.24487
2017-11-03,8201500.0,8441000.0,8001000.0,8101500.0,5342.22092183,44067457162.9,8248902.05921
2017-11-02,7685500.0,8699500.0,7679000.0,8185500.0,11789.0811025,95535720229.6,8103746.11888
2017-11-01,7379500.0,7700000.0,7250000.0,7685500.0,6994.16547388,51885114844.6,7418342.47964
2017-10-31,6940000.0,7411500.0,6930500.0,7389000.0,6868.98656715,48921579280.9,7122095.63998
2017-10-30,6920500.0,6987000.0,6825000.0,6939000.0,3782.03168278,26174980117.5,6920878.0658
2017-10-29,6616500.0,6994000.0,6611500.0,6901000.0,5509.20998156,37203281017.6,6752924.85531
2017-10-28,6665000.0,6776000.0,6595500.0,6615500.0,2796.65741464,18647985570.5,6667954.92105
2017-10-27,6771000.0,6878000.0,6600500.0,6664500.0,3854.16496727,25985697865.5,6742238.09467
2017-10-26,6628500.0,6840000.0,6540000.0,6770500.0,4643.78818189,31031057672.2,6682272.41569
2017-10-25,6391000.0,6640000.0,6180000.0,6620500.0,5336.47734012,34208154441.7,6410250.10722
2017-10-24,6985000.0,6999500.0,6336500.0,6391000.0,7239.58027951,47587200848.7,6573198.86118
2017-10-23,6963000.0,7045000.0,6701500.0,6986000.0,6752.0661085,46512414333.8,6888619.51088
2017-10-22,6895500.0,6990000.0,6690000.0,6962000.0,5426.75814309,37139458138.1,6843765.12806
2017-10-21,6878000.0,7188500.0,6819000.0,6894500.0,8236.46032145,57707062316.9,7006293.97396
2017-10-20,6489000.0,6900000.0,6402500.0,6874000.0,6936.49039997,46208282642.2,6661622.80603
2017-10-19,6371000.0,6529500.0,6261000.0,6489000.0,4727.53264362,30516498637.8,6455058.25939
2017-10-18,6391000.0,6445500.0,5831500.0,6371000.0,7287.99360999,44849033425.6,6153824.47154
2017-10-17,6445000.0,6469500.0,6300500.0,6388500.0,4154.95221184,26531033705.3,6385400.44569
2017-10-16,6431000.0,6491000.0,6270500.0,6452500.0,5130.42160352,32740054309.2,6381552.40239
2017-10-15,6644000.0,6689500.0,6155500.0,6429500.0,7206.75251197,46051339970.2,6390026.56102
2017-10-14,6450000.0,6648000.0,6341000.0,6644500.0,4135.24025485,26789438937.8,6478327.08303
2017-10-13,6381500.0,6949000.0,6300500.0,6450000.0,13093.182985,85866842204.4,6558133.51903
2017-10-12,5549000.0,6381500.0,5534000.0,6381500.0,9991.20231013,59393562708.0,5944586.13332
2017-10-11,5516000.0,5580000.0,5479000.0,5549500.0,2989.84636257,16521853954.3,5525987.60964
2017-10-10,5494000.0,5657500.0,5479500.0,5518000.0,5281.95011099,29346077032.5,5555917.11694
2017-10-09,5237000.0,5750000.0,5200500.0,5494000.0,6431.04218117,34845767776.3,5418370.2726
2017-10-08,5022000.0,5245500.0,5018000.0,5238000.0,3816.00147965,19511978203.0,5113199.85252
2017-10-07,5000500.0,5045000.0,4960000.0,5022000.0,1579.32516854,7891547491.69,4996784.48043
2017-10-06,4941500.0,5034500.0,4936500.0,5000000.0,2325.85473775,11587164200.5,4981895.04805
2017-10-05,4901500.0,4974500.0,4810000.0,4944500.0,2381.97273876,11676284460.6,4901938.74623
2017-10-04,4978500.0,4986000.0,4856000.0,4901500.0,2198.53385719,10809481035.3,4916677.08455
2017-10-03,5026000.0,5056000.0,4831500.0,4979000.0,4029.44882649,19885633358.8,4935075.29566
2017-10-02,4961000.0,5092000.0,4957000.0,5026500.0,4659.81615011,23459184052.5,5034358.28729
2017-10-01,4894000.0,4980000.0,4812500.0,4962500.0,3980.06838837,19472055412.6,4892392.16831
2017-09-30,4662000.0,4899000.0,4655000.0,4892000.0,4034.06383806,19211471080.8,4762312.11305
2017-09-29,4590000.0,4709000.0,4479000.0,4662000.0,4326.86990709,19928387092.6,4605728.27944
2017-09-28,4653500.0,4770000.0,4511500.0,4590000.0,7447.24590247,34771702679.4,4669068.69127
2017-09-27,4326500.0,4678500.0,4317500.0,4653500.0,5480.46022301,24603105152.5,4489240.7118
2017-09-26,4317000.0,4418500.0,4310000.0,4329000.0,3010.98473515,13133374451.8,4361820.33687
2017-09-25,4157500.0,4329500.0,4155500.0,4319500.0,3623.15893046,15384872690.8,4246259.40681
2017-09-24,4271000.0,4273500.0,4155000.0,4157500.0,2326.27505351,9782055797.0,4205029.74583
2017-09-23,4156000.0,4319500.0,4100500.0,4277000.0,2939.11372162,12428298146.0,4228587.02423
2017-09-22,4084000.0,4269500.0,4056500.0,4151000.0,3530.17033713,14672208542.3,4156232.45938
2017-09-21,4375500.0,4401000.0,4070000.0,4094500.0,4391.42853492,18778140934.2,4276089.38296
2017-09-20,4395000.0,4450000.0,4340000.0,4375000.0,3061.4811295,13471420580.4,4400295.15471
2017-09-19,4462000.0,4500000.0,4230500.0,4395000.0,4657.38468352,20490206733.8,4399509.19371
2017-09-18,4079500.0,4479000.0,4076000.0,4462000.0,7029.48465424,30509010523.5,4340148.96171
2017-09-17,4125000.0,4183500.0,3920000.0,4076000.0,3825.51145759,15582659464.5,4073353.23322
2017-09-16,4165000.0,4340000.0,3907000.0,4125000.0,5561.70535147,23015292875.7,4138171.91333
2017-09-15,3428500.0,4350000.0,3334000.0,4170000.0,14648.0597479,56246473898.1,3839858.30657
2017-09-14,4464500.0,4540000.0,3401000.0,3428500.0,9419.01971876,38108526016.1,4045912.1176
2017-09-13,4713500.0,4720000.0,4403500.0,4464500.0,6203.90159206,28213613384.4,4547720.97295
2017-09-12,4790000.0,4865000.0,4700000.0,4713500.0,3723.53529542,17886413035.3,4803610.44443
2017-09-11,4787500.0,4939500.0,4720000.0,4793000.0,4238.82780405,20339872031.4,4798466.22029
2017-09-10,4877000.0,4905000.0,4461500.0,4788000.0,4874.6166605,22940861129.8,4706187.73281
2017-09-09,4936500.0,4940000.0,4750000.0,4876500.0,3645.13870493,17698430956.9,4855351.85065
2017-09-08,5084000.0,5123000.0,4801500.0,4931500.0,5856.30959106,29240284932.2,4992954.09122
2017-09-07,5069500.0,5127000.0,4950500.0,5084500.0,4644.3989105,23490033879.1,5057712.38255
2017-09-06,4964000.0,5098000.0,4905000.0,5069500.0,5078.23348871,25524773334.6,5026309.52108
2017-09-05,4791500.0,5040000.0,4250000.0,4963500.0,7675.89613249,36288762235.3,4727625.4927
2017-09-04,5140000.0,5144000.0,4711500.0,4791500.0,5537.16132338,27455109526.9,4958336.57781
2017-09-03,5101500.0,5295000.0,4910000.0,5137000.0,5628.60200521,28745491330.1,5107039.24411
2017-09-02,5352000.0,5499000.0,4885000.0,5101500.0,8919.29231597,46272648413.3,5187928.23175
2017-09-01,5189500.0,5355500.0,5181000.0,5352000.0,5098.37152146,26783357290.5,5253316.11824
2017-08-31,5068500.0,5232000.0,5050000.0,5187500.0,3845.13050306,19786554551.6,5145873.34184
2017-08-30,5097000.0,5166500.0,4972000.0,5066000.0,3963.62511666,20210121253.0,5098898.2707
2017-08-29,4911500.0,5150000.0,4880000.0,5097000.0,6938.13442955,34694600191.9,5000566.15279
2017-08-28,4885500.0,4915000.0,4780000.0,4911000.0,5646.66975947,27449953227.3,4861264.1427
2017-08-27,4915000.0,4950000.0,4875500.0,4891500.0,4031.72840077,19814561704.0,4914656.87525
2017-08-26,4927000.0,4929500.0,4861000.0,4909000.0,3976.17563226,19459153890.2,4893937.21251
2017-08-25,4848000.0,4967000.0,4832000.0,4927000.0,5251.28040819,25726651422.8,4899119.72376
2017-08-24,4696500.0,4950000.0,4660500.0,4848000.0,6429.92462286,30596336141.2,4758428.43203
2017-08-23,4589500.0,4800000.0,4550000.0,4696500.0,6908.56946194,32364495512.2,4684688.44245
2017-08-22,4514500.0,4618500.0,4084000.0,4589500.0,10500.1571018,46300714619.3,4409525.89282
2017-08-21,4728000.0,4750000.0,4500500.0,4519500.0,7601.1285762,35254647625.9,4638080.684
2017-08-20,4793000.0,4840000.0,4722500.0,4727500.0,3847.96223883,18410404754.3,4784455.67073
2017-08-19,4777000.0,4900000.0,4610000.0,4793000.0,10069.4932117,47842033672.1,4751185.8508
2017-08-18,4860500.0,4950000.0,4690000.0,4777000.0,8214.80281366,39902866412.6,4857434.47746
2017-08-17,4949000.0,5049000.0,4850000.0,4860000.0,8575.99488642,42522507297.1,4958317.7066
2017-08-16,4872500.0,4962000.0,4621500.0,4949000.0,10130.2691342,48890609514.9,4826190.5846
2017-08-15,4960000.0,5149000.0,4520000.0,4873000.0,17878.2448179,87777549458.9,4909740.88077
2017-08-14,4723000.0,4960000.0,4570000.0,4960000.0,13041.9321591,62745151508.5,4811031.88876
2017-08-13,4478500.0,5024500.0,4311000.0,4723500.0,19271.0031956,90369269276.8,4689391.01714
2017-08-12,4182000.0,4504500.0,4111000.0,4480000.0,10241.3869709,44394370575.7,4334800.61847
2017-08-11,3869500.0,4199500.0,3859500.0,4182000.0,8011.23493071,32239709557.2,4024312.08623
2017-08-10,3800000.0,3889000.0,3768000.0,3868500.0,4091.2564609,15716046468.8,3841374.06663
2017-08-09,3863500.0,3885000.0,3640000.0,3800500.0,6900.34672508,26182439280.7,3794365.75058
2017-08-08,3875000.0,3958000.0,3782000.0,3867500.0,7932.57398567,30754908365.5,3877040.21684
2017-08-07,3635000.0,3875000.0,3600000.0,3869500.0,5861.36202576,22088553478.1,3768501.82279
2017-08-06,3702000.0,3800000.0,3538500.0,3640000.0,4605.80078604,16867418567.1,3662211.92594
2017-08-05,3226000.0,3705000.0,3224000.0,3705000.0,10303.5081108,36167059265.7,3510169.43712
2017-08-04,3139000.0,3250000.0,3086500.0,3224000.0,5502.59568537,17400015121.4,3162146.7606
2017-08-03,3086500.0,3149500.0,3086500.0,3135500.0,2229.44211646,6929154519.07,3108021.71894
2017-08-02,3093500.0,3117500.0,3081000.0,3086500.0,2081.24818216,6450335406.73,3099262.9625
2017-08-01,3190000.0,3300000.0,3028000.0,3092000.0,5545.223141,17564467916.1,3167495.24221
2017-07-31,3128000.0,3227500.0,3060000.0,3186500.0,5115.72726291,16111970759.4,3149497.60442
2017-07-30,3060000.0,3129000.0,3002000.0,3128000.0,4506.70983514,13840745775.5,3071141.98202
2017-07-29,3185000.0,3194500.0,2983000.0,3061000.0,7146.92961936,22044966261.0,3084536.63812
2017-07-28,2987000.0,3245000.0,2987000.0,3185000.0,12646.8911095,39511354277.5,3124195.02433
2017-07-27,2847000.0,2999000.0,2840000.0,2983500.0,4989.96633709,14493344607.5,2904497.47121
2017-07-26,2930500.0,2970000.0,2770500.0,2849500.0,5622.27400173,16021356280.8,2849622.10591
2017-07-25,3061000.0,3080000.0,2767500.0,2936000.0,9387.10948218,27550983477.0,2934980.52082
2017-07-24,3049000.0,3089000.0,3002000.0,3061000.0,4383.96066158,13355632898.0,3046476.44653
2017-07-23,3124500.0,3142000.0,2987000.0,3049500.0,6558.92083336,20096620004.4,3064013.19897
2017-07-22,2980500.0,3198500.0,2953000.0,3121000.0,9006.53829633,27891588420.5,3096815.61359
2017-07-21,3235000.0,3249500.0,2918000.0,2980500.0,13102.837936,40166958734.1,3065515.9539
2017-07-20,2648500.0,3390000.0,2580000.0,3238000.0,17279.1444539,50676846777.0,2932833.09902
2017-07-19,2761000.0,2779000.0,2533000.0,2649000.0,7716.94969959,20761688011.3,2690400.84742
2017-07-18,2646500.0,2839000.0,2420000.0,2760000.0,10274.8991458,27230397667.7,2650186.36985
2017-07-17,2222000.0,2670000.0,2152000.0,2648500.0,9906.67795845,23504997060.0,2372641.68256
2017-07-16,2225500.0,2339500.0,1760000.0,2222000.0,10282.1978145,21768524135.4,2117108.08605
2017-07-15,2633000.0,2636000.0,2120000.0,2229500.0,9042.65599973,21519096444.8,2379731.84487
2017-07-14,2825500.0,2834500.0,2600000.0,2632500.0,5947.57109331,16185599404.8,2721379.72811
2017-07-13,2890000.0,2960000.0,2807000.0,2825500.0,4075.36010961,11680095755.8,2866027.89487
2017-07-12,2871000.0,2896500.0,2791000.0,2895500.0,4512.45641185,12782578034.7,2832731.63616
2017-07-11,2962500.0,2988000.0,2656500.0,2879000.0,6910.4394858,19723377671.1,2854142.30334
2017-07-10,3018000.0,3039000.0,2800000.0,2955500.0,4672.78082989,13906354534.9,2976033.98087
2017-07-09,3084500.0,3097000.0,3010000.0,3012000.0,2169.65307781,6635984686.46,3058546.43506
2017-07-08,3079000.0,3084500.0,2960000.0,3084500.0,2963.59063184,9000787567.33,3037122.42529
2017-07-07,3117000.0,3124500.0,3040000.0,3082000.0,3289.96831277,10136504295.2,3081034.01964
2017-07-06,3112000.0,3126500.0,3080000.0,3119500.0,2895.79351792,9003885761.11,3109298.26502
2017-07-05,3144500.0,3149500.0,3040000.0,3113000.0,4577.78681797,14169130032.4,3095192.19566
2017-07-04,3092000.0,3172500.0,3075000.0,3145500.0,4897.22117674,15338491196.4,3132080.54994
2017-07-03,3012000.0,3137000.0,3002500.0,3092000.0,5025.17885061,15409978548.5,3066553.25246
2017-07-02,3052000.0,3058500.0,2930000.0,3012000.0,3331.05928426,10005778727.9,3003782.84324
2017-07-01,3080000.0,3100000.0,3012500.0,3056000.0,3027.3681679,9261933997.16,3059401.26324
2017-06-30,3076500.0,3122000.0,3067000.0,3080000.0,3814.27515662,11778493742.5,3088003.1615
2017-06-29,3143000.0,3155000.0,3040000.0,3076500.0,4980.25706886,15432299931.9,3098695.45257
2017-06-28,3162000.0,3192000.0,3043500.0,3144000.0,5327.74607888,16561570331.5,3108550.98692
2017-06-27,3285000.0,3293000.0,2892500.0,3161000.0,6504.57818043,20182051582.1,3102745.63888
2017-06-26,3385500.0,3399500.0,3082500.0,3285000.0,6541.80906919,21494733107.7,3285747.54787
2017-06-25,3358500.0,3445000.0,3270000.0,3385000.0,4902.03940228,16538300751.2,3373759.24467
2017-06-24,3447500.0,3450000.0,3321000.0,3358000.0,3498.19841289,11911841680.0,3405136.0941
2017-06-23,3454000.0,3490000.0,3402000.0,3447500.0,4019.41788481,13850761340.3,3445962.01173
2017-06-22,3429000.0,3485000.0,3361000.0,3454500.0,5877.60286903,20139096655.8,3426413.30226
2017-06-21,3418000.0,3570000.0,3301000.0,3424500.0,11897.2974782,41048912782.3,3450272.03512
2017-06-20,3229000.0,3498000.0,3228000.0,3415500.0,8941.89181027,29729188535.6,3324709.03992
2017-06-19,3169500.0,3233500.0,3165500.0,3229000.0,5868.52671939,18781515761.6,3200380.03738
2017-06-18,3219500.0,3234500.0,3119000.0,3169500.0,4649.68394041,14807826382.3,3184695.255
2017-06-17,3053500.0,3247500.0,3039500.0,3223000.0,8158.18977931,25725174235.1,3153294.41102
2017-06-16,3055000.0,3083000.0,2990000.0,3053500.0,5038.64863489,15284222407.7,3033397.14975
2017-06-15,3030000.0,3088500.0,2700000.0,3067000.0,12473.6453158,36555358514.1,2930607.49995
2017-06-14,3194000.0,3228000.0,2855000.0,3030000.0,9483.25967455,29742480673.1,3136314.06223
2017-06-13,3199500.0,3285000.0,3180500.0,3195000.0,7140.21840123,22980463857.4,3218453.9136
2017-06-12,3328000.0,3396500.0,3085000.0,3210000.0,11860.9244014,39073131267.3,3294273.69613
2017-06-11,3277500.0,3329000.0,3252000.0,3326000.0,5646.66389157,18527878706.1,3281207.99501
2017-06-10,3266000.0,3336000.0,3246500.0,3277500.0,5691.67369891,18719247994.5,3288882.8462
2017-06-09,3271500.0,3336000.0,3244000.0,3266000.0,6369.51445301,20908540478.9,3282595.65673
2017-06-08,3254000.0,3306000.0,3157000.0,3270500.0,6078.50478842,19690481076.5,3239362.60016
2017-06-07,3386500.0,3390000.0,3200000.0,3254000.0,7087.12863236,23592800864.1,3328964.67498
2017-06-06,3189000.0,3475000.0,3151500.0,3387000.0,15228.3803588,50732498772.0,3331444.15733
2017-06-05,3065000.0,3191000.0,3064000.0,3189000.0,5083.20300816,15813973126.1,3111025.29265
2017-06-04,3115000.0,3119000.0,3050000.0,3062500.0,3595.21108079,11074480820.7,3080342.31423
2017-06-03,3198000.0,3200000.0,3006000.0,3115000.0,5652.97961587,17528356403.1,3100728.74735
2017-06-02,3128000.0,3198500.0,3055500.0,3198500.0,4662.73035226,14489509167.3,3107515.99871
2017-06-01,3040000.0,3210000.0,3040000.0,3132000.0,8708.75204206,27161394757.6,3118861.879
2017-05-31,3146000.0,3175000.0,3002000.0,3040500.0,6391.44477471,19628651825.2,3071082.12885
2017-05-30,3200000.0,3329000.0,3100000.0,3146000.0,5983.47422914,19158604295.0,3201919.74785
2017-05-29,3145500.0,3350000.0,2991000.0,3200000.0,6249.20418093,19485401941.5,3118061.33667
2017-05-28,3149500.0,3420000.0,2880000.0,3148500.0,8189.15172797,26026612729.7,3178181.76953
2017-05-27,3239000.0,3285000.0,2510000.0,3149500.0,12037.0959235,34682115845.9,2881269.37479
2017-05-26,3970000.0,4142000.0,2900000.0,3257500.0,13930.6674232,49530223709.5,3555481.0265
2017-05-25,4009500.0,4800000.0,3310000.0,3999500.0,12559.899896,54434212709.4,4333968.67493
2017-05-24,3222500.0,4297000.0,3222500.0,4005000.0,13144.800451,46904269165.2,3568275.48203
2017-05-23,3105000.0,3318000.0,3090000.0,3226000.0,10296.347577,32752552679.4,3180987.47488
2017-05-22,2696500.0,3290000.0,2691500.0,3108500.0,10774.3176628,32368792686.5,3004254.53375
2017-05-21,2580000.0,2700000.0,2557000.0,2696500.0,7021.89329811,18331646047.6,2610641.49929
2017-05-20,2452000.0,2588500.0,2350000.0,2571000.0,8002.2990135,19932790146.5,2490882.94663
2017-05-19,2300000.0,2452500.0,2295500.0,2450000.0,8207.23948422,19324861229.9,2354611.59224
2017-05-18,2266000.0,2316000.0,2250000.0,2300000.0,7474.3249411,17044020290.2,2280342.42884
2017-05-17,2273000.0,2360000.0,2218000.0,2279500.0,8022.90870842,18336646227.8,2285535.94391
2017-05-16,2187500.0,2275000.0,2119500.0,2273500.0,9075.44978838,19744056182.5,2175545.74626
2017-05-15,2274500.0,2279500.0,2093000.0,2187500.0,8013.63773667,17474836843.1,2180637.23584
2017-05-14,2289000.0,2324500.0,2211500.0,2270500.0,5634.09181759,12839618740.4,2278915.42349
2017-05-13,2270000.0,2324500.0,2130500.0,2289500.0,6264.24036515,13894109255.7,2218003.85136
2017-05-12,2378000.0,2385500.0,2238000.0,2270000.0,9285.87718978,21439314323.6,2308808.73023
2017-05-11,2284000.0,2430000.0,2250000.0,2378000.0,8496.1949809,19960781503.5,2349378.93356
2017-05-10,2296500.0,2322000.0,2123500.0,2284000.0,10961.320522,24624113289.5,2246454.99966
2015-04-20,241000.0,245800.0,241000.0,243600.0,120.55973467,29415849.0729,243993.976541
2015-04-19,242800.0,246900.0,240800.0,240800.0,220.74495945,53641889.3944,243003.915143
2015-04-18,243200.0,244600.0,240300.0,242500.0,500.61387446,120988812.25,241680.901034
2015-04-17,248000.0,250000.0,241000.0,243000.0,691.58839605,169031090.624,244409.9577
2015-04-16,246500.0,249900.0,245600.0,248000.0,441.86172369,109142788.175,247006.65915
2015-04-15,240400.0,246100.0,240400.0,246100.0,232.55918627,56448254.4669,242726.401705
2015-04-14,248000.0,249900.0,233100.0,240000.0,662.80954262,159843631.21,241160.727074
2015-04-13,257400.0,260000.0,245200.0,247000.0,481.22188259,123119999.379,255848.713107
2015-04-12,259000.0,266900.0,257000.0,257200.0,289.2584685,75043995.6544,259435.777433
2015-04-11,259200.0,264000.0,258000.0,259000.0,301.05682241,78196216.0033,259739.059814
2015-04-10,266700.0,268000.0,258000.0,260000.0,956.23676659,251269091.549,262768.699477
2015-04-09,270100.0,271000.0,263000.0,266700.0,543.76388016,145430784.668,267452.087155
2015-04-08,277000.0,279000.0,267100.0,269900.0,798.03792523,216892894.728,271782.690861
2015-04-07,278300.0,280400.0,274500.0,277100.0,813.18603369,225039980.476,276738.619643
2015-04-06,282800.0,283000.0,276500.0,277000.0,627.2010926,176306795.701,281100.906521
2015-04-05,276000.0,282900.0,273900.0,282900.0,439.8354182,122349939.3,278172.094008
2015-04-04,276300.0,276400.0,273500.0,276000.0,163.90211308,45032177.2753,274750.437497
2015-04-03,274100.0,277300.0,271100.0,276300.0,641.67042491,177025651.992,275882.517129
2015-04-02,270900.0,276900.0,267600.0,273200.0,494.32880017,134727995.741,272547.33225
2015-04-01,270500.0,272000.0,266300.0,271000.0,443.1305993,119465166.212,269593.583473
2015-03-31,273100.0,275900.0,268100.0,272000.0,757.85987967,206902982.811,273009.547492
2015-03-30,267600.0,273100.0,263000.0,273000.0,674.5064013,181442717.808,269000.735143
2015-03-29,277400.0,277400.0,265500.0,269900.0,368.67049692,99472431.087,269813.917626
2015-03-28,273500.0,278000.0,272200.0,277500.0,490.13922528,135380203.886,276207.65061
2015-03-27,274200.0,278600.0,271000.0,273800.0,242.01287116,66119636.566,273207.107742
2015-03-26,272100.0,282000.0,270000.0,275900.0,270.49584011,74240468.3047,274460.665549
2015-03-25,273700.0,275900.0,262000.0,271000.0,1104.41078231,298677997.635,270441.037356
2015-03-24,293900.0,295000.0,268000.0,270200.0,934.51284212,262448117.804,280839.498373
2015-03-23,293500.0,296500.0,288000.0,291500.0,419.94818642,123523428.37,294139.68762
2015-03-22,287900.0,296000.0,286200.0,293500.0,165.57628465,48424911.0953,292462.843925
2015-03-21,287700.0,292000.0,283600.0,288100.0,231.2827013,66329110.7681,286788.032115
2015-03-20,290700.0,294900.0,286900.0,287700.0,292.06446095,85023778.283,291113.057735
2015-03-19,284200.0,299000.0,276000.0,286000.0,668.17723696,190888065.636,285684.778046
2015-03-18,318900.0,321000.0,285000.0,286200.0,1246.45484305,383149102.665,307391.081836
2015-03-17,324000.0,327000.0,317600.0,318900.0,343.06334279,110964958.257,323453.264796
2015-03-16,318700.0,326500.0,318700.0,324000.0,457.25678983,148184454.905,324072.727186
2015-03-15,315000.0,320000.0,313500.0,319500.0,220.83361589,70078172.6227,317334.71528
2015-03-14,322500.0,324800.0,310000.0,315000.0,401.49909462,127380017.846,317261.033844
2015-03-13,328000.0,328900.0,322500.0,322500.0,646.91209973,210290253.637,325067.739071
2015-03-12,330000.0,330400.0,324500.0,328000.0,592.8850997,194253718.048,327641.423518
2015-03-11,326400.0,330800.0,324100.0,330000.0,435.20589671,142530964.12,327502.373468
2015-03-10,318400.0,330800.0,318300.0,325500.0,878.9309519,285672433.288,325022.61147
2015-03-09,301000.0,319000.0,299600.0,318400.0,1155.020348,358285346.344,310198.298207
2015-03-08,299800.0,302000.0,299000.0,301000.0,318.47034767,95570290.2967,300091.644312
2015-03-07,300100.0,303000.0,297200.0,301000.0,303.69234111,90999568.9919,299643.937872
2015-03-06,302000.0,304400.0,297100.0,300100.0,545.38798401,163799277.409,300335.324964
2015-03-05,302000.0,306500.0,291500.0,303000.0,914.89744001,273447915.635,298883.682123
2015-03-04,306000.0,309000.0,293800.0,302000.0,873.04878656,266313828.349,305038.884939
2015-03-03,299900.0,310000.0,291200.0,306100.0,1431.45177509,429454404.127,300013.183539
2015-03-02,281500.0,300000.0,280000.0,300000.0,1067.90898837,305482999.428,286057.147898
2015-03-01,275000.0,285000.0,272000.0,279000.0,861.77698526,239197497.639,277563.10708
2015-02-28,276900.0,277100.0,272000.0,276000.0,356.28740008,97990811.9637,275033.054612
2015-02-27,263000.0,290000.0,262000.0,276900.0,1430.38035511,393763896.592,275286.146923
2015-02-26,263700.0,266000.0,261000.0,263000.0,565.1438866,148689563.169,263100.365578
2015-02-25,266800.0,267700.0,260200.0,263500.0,463.43509974,122491322.856,264311.708209
2015-02-24,268500.0,269000.0,264000.0,266800.0,471.4589129,125449631.056,266088.152378
2015-02-23,264900.0,269900.0,261800.0,269500.0,867.61827485,230970978.962,266212.671698
2015-02-22,271900.0,274000.0,261300.0,262500.0,595.6298163,159844863.511,268362.763477
2015-02-21,270000.0,275000.0,270000.0,271100.0,302.40085861,82441790.4788,272624.194448
2015-02-20,266200.0,274900.0,266000.0,269200.0,1108.82605659,300238949.565,270771.910328
2015-02-19,261500.0,270000.0,261000.0,270000.0,385.36160087,102546597.095,266104.865828
2015-02-18,268500.0,271300.0,257500.0,261900.0,523.3547015,139049038.332,265687.951085
2015-02-17,258300.0,274600.0,257000.0,264500.0,472.94520071,124518536.576,263283.222642
2015-02-16,252000.0,263800.0,252000.0,258300.0,340.77955352,87992475.7873,258209.375763
2015-02-15,279900.0,287900.0,248900.0,255500.0,1163.76997768,321359633.47,276136.727733
2015-02-14,256500.0,282300.0,252000.0,279000.0,1102.27753289,293714530.8,266461.505416
2015-02-13,245000.0,259900.0,243300.0,256500.0,1001.6728981,253045562.269,252622.949816
2015-02-12,244000.0,245000.0,240500.0,244900.0,227.30618732,55242383.8025,243030.708727
2015-02-11,240800.0,246800.0,240800.0,243500.0,701.11821562,170903676.293,243758.716412
2015-02-10,242600.0,243900.0,235500.0,237100.0,603.51492309,144304661.943,239107.03186
2015-02-09,245100.0,246700.0,240500.0,242600.0,451.69070207,110023204.451,243580.848458
2015-02-08,249000.0,251700.0,241500.0,241500.0,525.03756767,129034960.647,245763.291225
2015-02-07,245000.0,252800.0,240200.0,249600.0,942.62743185,232650728.034,246810.903411
2015-02-06,240000.0,250000.0,236000.0,248000.0,1032.06531911,249428087.099,241678.586113
2015-02-05,245100.0,252800.0,236000.0,242500.0,565.5630381,137564585.607,243234.75252
2015-02-04,252000.0,254000.0,240300.0,249200.0,472.42427276,116687790.269,246997.872458
2015-02-03,260000.0,270000.0,248000.0,251000.0,1192.5318346,309270130.491,259339.098142
2015-02-02,248500.0,262000.0,245100.0,262000.0,870.69571376,217781847.277,250123.945524
2015-02-01,239000.0,255500.0,232000.0,248500.0,979.11872553,237306844.122,242367.79252
2015-01-31,252500.0,255800.0,239000.0,239000.0,1047.49378067,261581281.149,249721.082813
2015-01-30,255500.0,266000.0,251200.0,252600.0,607.37981502,157158463.189,258748.248299
2015-01-29,259000.0,277900.0,246000.0,255500.0,867.77669813,223133777.145,257132.713549
2015-01-28,289000.0,289000.0,255000.0,259000.0,894.6961221,247122363.498,276208.15313
2015-01-27,295000.0,300000.0,270200.0,286000.0,544.71463587,154169757.508,283028.483825
2015-01-26,272500.0,331000.0,272500.0,293200.0,1706.2803254,521931140.249,305888.271979
2015-01-25,272000.0,276000.0,261500.0,271000.0,845.70780417,227352508.611,268831.040095
2015-01-24,250000.0,275000.0,246400.0,267000.0,334.43815866,85053089.7619,254316.343873
2015-01-23,252000.0,255000.0,241600.0,248000.0,562.36006068,139505592.343,248071.657461
2015-01-22,241000.0,255000.0,240100.0,251000.0,649.9917089,161797834.087,248922.919895
2015-01-21,224000.0,242000.0,224000.0,240000.0,748.10670524,172948487.659,231181.576702
2015-01-20,225600.0,229600.0,221600.0,225900.0,486.99774212,109516351.363,224880.614202
2015-01-19,227900.0,230000.0,220300.0,227500.0,543.55609564,122493229.273,225355.267388
2015-01-18,220000.0,232000.0,208900.0,231000.0,556.07419164,122723147.837,220695.636809
2015-01-17,225900.0,235000.0,207900.0,222000.0,594.71901549,129610056.315,217934.945646
2015-01-16,221000.0,245000.0,215500.0,221200.0,547.28718726,124482330.95,227453.398961
2015-01-15,191000.0,280000.0,190000.0,221000.0,1242.06233607,275861214.157,222099.331206
2015-01-14,246000.0,246000.0,183000.0,186000.0,2129.87658534,460939025.646,216415.837809
2015-01-13,294900.0,294900.0,235100.0,241500.0,848.11302667,222216539.743,262012.883608
2015-01-12,292100.0,305000.0,290100.0,292000.0,257.08646638,75740220.9245,294609.910786
2015-01-11,299100.0,304500.0,289000.0,296000.0,297.49044236,88412115.3603,297193.128824
2015-01-10,313800.0,319900.0,298100.0,303000.0,600.77729574,184212678.534,306623.901802
2015-01-09,305000.0,314000.0,300000.0,312900.0,281.18591192,86742931.197,308489.606057
2015-01-08,320000.0,324000.0,286100.0,307200.0,500.77839475,154430837.568,308381.589915
2015-01-07,309500.0,321000.0,307000.0,320000.0,342.37292766,107239664.333,313224.719799
2015-01-06,301900.0,315000.0,296700.0,310000.0,258.92121925,78334444.5097,302541.617626
2015-01-05,294500.0,315400.0,292500.0,302000.0,678.92803898,204594968.129,301350.005277
2015-01-04,311000.0,330000.0,283800.0,291000.0,616.49287842,186703635.664,302848.000682
2015-01-03,346000.0,347000.0,310100.0,311000.0,307.11204217,102866540.015,334947.920922
2015-01-02,344700.0,347600.0,341900.0,346900.0,229.62490476,79361529.1707,345613.770656
2015-01-01,348700.0,348700.0,342000.0,344800.0,297.49022352,102702933.32,345231.288963
2014-12-31,342900.0,350000.0,337000.0,349000.0,343.66051378,116641609.378,339409.401722
2014-12-30,346000.0,347300.0,336100.0,338000.0,417.54698296,142786030.904,341963.986643
2014-12-29,349900.0,355000.0,344600.0,347900.0,185.14540169,64606640.4825,348950.824016
2014-12-28,351500.0,358100.0,344000.0,349900.0,121.78766953,42554889.268,349418.70086
2014-12-27,363900.0,367400.0,345000.0,351500.0,294.13587191,104534599.335,355395.61583
2014-12-26,356000.0,368000.0,351000.0,361300.0,277.34276078,98977665.0421,356878.487701
2014-12-25,360600.0,376000.0,349100.0,354800.0,424.24078879,152296199.32,358985.282283
2014-12-24,374000.0,376000.0,360500.0,362000.0,270.67175824,99909389.3128,369116.415996
2014-12-23,367900.0,375000.0,365000.0,374000.0,335.32696271,123975543.062,369715.402723
2014-12-22,358400.0,369400.0,355000.0,366500.0,364.0460386,131800154.833,362042.546431
2014-12-21,364700.0,364800.0,350000.0,358900.0,202.9086394,72606679.9285,357829.415954
2014-12-20,360000.0,366000.0,350000.0,365000.0,390.78673232,140722039.828,360099.328328
2014-12-19,347900.0,359000.0,343200.0,355000.0,509.28600123,177338495.841,348210.034072
2014-12-18,359800.0,365000.0,337200.0,347100.0,869.24847135,304122718.827,349868.569058
2014-12-17,367100.0,380000.0,352000.0,359800.0,786.23341214,286865487.11,364860.46342
2014-12-16,383100.0,398000.0,367500.0,368300.0,881.93380513,331895241.114,376326.702961
2014-12-15,391900.0,397000.0,384000.0,384000.0,341.39197643,132726369.451,388779.990787
2014-12-14,387500.0,393900.0,385000.0,391900.0,87.70982435,34043288.174,388135.404743
2014-12-13,390000.0,394000.0,380200.0,387500.0,230.21150167,89239365.3564,387640.77689
2014-12-12,387900.0,398600.0,385500.0,390600.0,257.12997434,100569155.295,391121.865713
2014-12-11,383200.0,400000.0,373500.0,386000.0,530.55925818,205380808.252,387102.48683
2014-12-10,392000.0,394900.0,383200.0,383200.0,236.06755522,91602403.7575,388034.703338
2014-12-09,405100.0,410000.0,380000.0,392000.0,306.74271463,121150629.673,394958.458327
2014-12-08,414500.0,418000.0,405100.0,405100.0,295.30367272,122423789.265,414569.138737
2014-12-07,415200.0,418000.0,413100.0,414000.0,128.05470751,53267573.4392,415975.128717
2014-12-06,417000.0,419900.0,413000.0,415200.0,109.05375476,45447350.0087,416742.643192
2014-12-05,413000.0,422800.0,410000.0,416000.0,208.75624293,86706571.7473,415348.401228
2014-12-04,419600.0,425400.0,410000.0,416900.0,307.26682966,128634676.346,418641.597234
2014-12-03,425900.0,428500.0,417000.0,420000.0,199.85456504,84455083.3709,422582.708351
2014-12-02,419100.0,426500.0,418400.0,426000.0,209.12992273,88208091.9439,421786.08777
2014-12-01,416000.0,423000.0,414200.0,420700.0,224.98922813,94104068.6169,418260.329168
2014-11-30,413600.0,420000.0,410000.0,414000.0,144.43293697,60136303.373,416361.424441
2014-11-29,416000.0,423000.0,412000.0,413500.0,150.31500044,62827687.6948,417973.50571
2014-11-28,408500.0,419900.0,396200.0,419900.0,454.83488259,186243612.497,409475.217547
2014-11-27,407000.0,420000.0,405600.0,408000.0,318.33048216,130885588.714,411162.60003
2014-11-26,410000.0,415000.0,400500.0,405600.0,258.29890504,105668158.737,409092.553919
2014-11-25,411800.0,427500.0,410000.0,410000.0,292.60141842,122768853.991,419577.097929
2014-11-24,405500.0,420000.0,400500.0,415000.0,369.81193788,151861917.796,410646.337344
2014-11-23,396500.0,410000.0,391000.0,400100.0,142.58369676,56546891.0075,396587.353901
2014-11-22,385100.0,400000.0,385000.0,394000.0,129.97217819,51398021.7917,395454.031066
2014-11-21,393100.0,397000.0,370200.0,389900.0,367.76511405,141341805.987,384326.301182
2014-11-20,419000.0,419000.0,385100.0,393100.0,270.36735452,108696041.054,402030.937675
2014-11-19,413500.0,428500.0,410300.0,422000.0,413.82357453,173226706.43,418600.382123
2014-11-18,412100.0,429000.0,405000.0,410000.0,376.39305183,156280309.588,415205.086354
2014-11-17,416000.0,440000.0,410000.0,424900.0,233.83398543,100071542.926,427959.788405
2014-11-16,403000.0,428900.0,403000.0,420000.0,56.54207562,23650702.9611,418285.015217
2014-11-15,435000.0,440000.0,403000.0,416000.0,153.02331061,63955612.1757,417946.859997
2014-11-14,456000.0,456000.0,415700.0,440000.0,204.91195921,88791476.8586,433315.250125
2014-11-13,449500.0,516700.0,430000.0,455000.0,689.96736268,326728214.286,473541.549873
2014-11-12,389500.0,449900.0,383500.0,449500.0,531.82047614,218695067.583,411219.720555
2014-11-11,384500.0,390000.0,380000.0,389700.0,122.04818238,47128685.4535,386148.19602
2014-11-10,381200.0,395000.0,376300.0,384500.0,279.69046812,107400213.915,383996.689758
2014-11-09,371500.0,385000.0,368000.0,385000.0,121.98757461,45777995.3358,375267.690026
2014-11-08,368500.0,374700.0,367500.0,371500.0,79.95920333,29535222.0042,369378.642785
2014-11-07,374000.0,379800.0,367800.0,368500.0,273.28650225,102421346.124,374776.453579
2014-11-06,362000.0,374800.0,357500.0,374700.0,321.7008848,116811465.832,363105.827031
2014-11-05,347900.0,370000.0,340000.0,357700.0,294.76632341,104418960.576,354243.182763
2014-11-04,345200.0,350700.0,340000.0,348700.0,142.30191702,49181985.9375,345617.170643
2014-11-03,343700.0,405000.0,342000.0,345200.0,312.72472016,111188554.383,355547.698072
2014-11-02,347000.0,350000.0,338000.0,341000.0,172.98296738,59577239.1595,344411.013766
2014-11-01,357000.0,357900.0,340000.0,345600.0,106.8202827,37115043.9489,347453.152255
2014-10-31,360000.0,365000.0,350000.0,357000.0,165.43361736,59289878.8265,358390.753782
2014-10-30,357000.0,365500.0,335000.0,364000.0,280.64659783,98908254.9418,352429.909027
2014-10-29,370000.0,371000.0,350300.0,361000.0,159.86976815,57790543.4597,361485.127104
2014-10-28,371500.0,372700.0,365400.0,370000.0,138.7283422,51320776.6992,369937.216039
2014-10-27,375200.0,375200.0,351000.0,369300.0,205.1655549,75430703.0464,367657.734181
2014-10-26,370900.0,380000.0,366100.0,371000.0,155.55101213,58330821.8666,374994.807606
2014-10-25,379800.0,380000.0,364000.0,370000.0,165.88871366,61651926.2895,371646.297866
2014-10-24,373000.0,390000.0,372100.0,379900.0,210.76765356,80044882.2481,379777.830688
2014-10-23,400000.0,400300.0,371000.0,380000.0,249.81414805,97329063.5212,389605.890142
2014-10-22,402900.0,403500.0,398000.0,401500.0,74.25022362,29749641.4727,400667.365326
2014-10-21,399300.0,406200.0,397100.0,402900.0,149.13519047,60025338.1802,402489.432515
2014-10-20,403400.0,407000.0,397400.0,398900.0,170.48175326,68460337.5129,401569.881842
2014-10-19,408000.0,408500.0,402100.0,403400.0,32.4378692,13169116.4796,405979.702255
2014-10-18,398000.0,409900.0,395000.0,408000.0,101.38994595,40858490.6285,402983.651344
2014-10-17,399600.0,402800.0,390000.0,401000.0,145.26882515,57719159.6319,397326.539761
2014-10-16,406000.0,419000.0,370000.0,390000.0,260.75036778,104906786.759,402326.515019
2014-10-15,418000.0,418000.0,398300.0,406000.0,266.22040699,108009803.916,405715.719306
2014-10-14,398000.0,419500.0,398000.0,418500.0,516.51357719,210934084.96,408380.52333
2014-10-13,387100.0,399000.0,380000.0,396000.0,345.79701297,134277190.892,388312.176957
2014-10-12,380200.0,393900.0,376200.0,393900.0,90.37642777,34741743.4612,384411.558616
2014-10-11,382400.0,387500.0,374000.0,384000.0,264.60136537,100972561.462,381602.571554
2014-10-10,390000.0,397900.0,373100.0,379100.0,441.13686087,169712792.436,384716.870183
2014-10-09,380100.0,406900.0,375000.0,393000.0,456.44723353,179146106.685,392479.335015
2014-10-08,353000.0,384000.0,346100.0,382000.0,589.67984406,214880549.011,364402.058465
2014-10-07,345000.0,358000.0,334200.0,350900.0,386.5105946,132204297.735,342045.728066
2014-10-06,332400.0,367000.0,301500.0,345000.0,260.95854674,88410293.085,338790.563442
2014-10-05,350000.0,368000.0,304000.0,350000.0,482.96007908,159214946.433,329664.817714
2014-10-04,376100.0,380000.0,340200.0,353800.0,275.30353606,99459013.0473,361270.379853
2014-10-03,395400.0,395600.0,376000.0,376100.0,178.84517017,68761852.5768,384476.989294
2014-10-02,395000.0,399900.0,382700.0,384300.0,157.11241014,61736854.5815,392947.027714
2014-10-01,400000.0,415000.0,390200.0,405900.0,241.78473089,96842088.5681,400530.208056
2014-09-30,389700.0,408000.0,382100.0,400000.0,267.08460471,104683421.873,391948.543747
2014-09-29,397900.0,405900.0,385100.0,389700.0,239.6691215,94068795.0017,392494.42904
2014-09-28,412900.0,412900.0,390000.0,408600.0,260.2500633,104437638.518,401297.264615
2014-09-27,417500.0,417500.0,406000.0,413200.0,61.81743172,25414995.9258,411129.92272
2014-09-26,419700.0,425000.0,411600.0,417500.0,223.70880017,93236474.5752,416776.070071
2014-09-25,423100.0,429900.0,413000.0,419700.0,251.36121581,106130284.583,422222.196216
2014-09-24,440000.0,445000.0,423200.0,423200.0,246.908669,107754537.668,436414.558081
2014-09-23,413900.0,451000.0,405400.0,442900.0,394.65311224,167312409.173,423948.029254
2014-09-22,416900.0,420000.0,400500.0,413900.0,155.13339084,64158875.7985,413572.316386
2014-09-21,428100.0,434800.0,399000.0,416900.0,310.88515701,126765257.836,407755.902711
2014-09-20,416000.0,438900.0,405300.0,428100.0,130.59297551,54885042.1212,420275.607527
2014-09-19,426000.0,439900.0,375000.0,416000.0,561.12520767,225872285.369,402534.554288
2014-09-18,460100.0,470000.0,420000.0,431000.0,213.50958767,95318149.4595,446434.984488
2014-09-17,473100.0,476000.0,456000.0,462900.0,94.20143931,44338071.4569,470672.972533
2014-09-16,482000.0,486800.0,470000.0,470000.0,99.76214492,47844947.7172,479590.206842
2014-09-15,486100.0,488200.0,481100.0,483000.0,137.46104044,66784933.0937,485846.265094
2014-09-14,488600.0,488600.0,484900.0,486100.0,63.30045284,30797637.3752,486531.075111
2014-09-13,484900.0,488900.0,481100.0,488800.0,125.58232419,60921961.3116,485115.73348
2014-09-12,486000.0,487000.0,479100.0,485000.0,197.23627885,95498047.6686,484180.943919
2014-09-11,486900.0,489900.0,478000.0,482000.0,200.41401379,96937003.8977,483683.760754
2014-09-10,481500.0,492000.0,476100.0,482100.0,80.56878544,38992547.7789,483965.937502
2014-09-09,480000.0,482500.0,465000.0,482000.0,68.8574653,32835535.2968,476862.387451
2014-09-08,485300.0,487400.0,472100.0,476000.0,93.96977818,45256485.0678,481606.809597
2014-09-07,487600.0,489600.0,483700.0,489400.0,33.09274942,16086493.8699,486103.274943
2014-09-06,485200.0,487700.0,484300.0,487600.0,30.08884821,14606251.5157,485437.375794
2014-09-05,494200.0,495000.0,485200.0,487700.0,125.87858558,61662153.9963,489854.20127
2014-09-04,486000.0,495000.0,481200.0,494800.0,147.8563052,71970711.5195,486761.193053
2014-09-03,485000.0,491000.0,482500.0,488000.0,200.18807153,97455516.7242,486819.798899
2014-09-02,485996.0,493000.0,480000.0,490899.0,270.29093022,131450925.463,486331.248169
2014-09-01,486005.0,496498.0,479000.0,480020.0,310.58488007,151201020.847,486826.727731
2014-08-31,512000.0,514998.0,485000.0,486000.0,180.25061165,90453439.9829,501820.432979
2014-08-30,520000.0,520000.0,511000.0,512000.0,140.47601402,72182152.6957,513839.698537
2014-08-29,515000.0,520799.0,512000.0,520779.0,95.24979724,49174504.3903,516268.861617
2014-08-28,521000.0,525000.0,514998.0,515000.0,122.51868641,63683698.0846,519787.633631
2014-08-27,518200.0,529000.0,518200.0,521000.0,193.67424793,101809632.369,525674.597721
2014-08-26,516000.0,525999.0,515001.0,518200.0,174.43860752,90727023.7222,520108.621664
2014-08-25,519000.0,521000.0,514998.0,518999.0,92.4519366,47846360.5917,517526.861538
2014-08-24,519999.0,528499.0,511000.0,523000.0,60.4071021,31128992.9558,515320.084454
2014-08-23,518914.0,526997.0,506001.0,512000.0,146.41353478,75557406.0315,516054.790597
2014-08-22,529000.0,538400.0,513504.0,520000.0,214.78572455,112082271.417,521832.9647
2014-08-21,521000.0,545000.0,506000.0,526102.0,438.7478068,232094326.755,528992.562829
2014-08-20,486900.0,526000.0,477102.0,519000.0,470.88523071,233798625.671,496508.725318
2014-08-19,469199.0,491000.0,462300.0,491000.0,424.15653195,201107650.354,474135.455205
2014-08-18,510000.0,519999.0,455000.0,469200.0,400.0026361,193009032.702,482519.401832
2014-08-17,545000.0,550000.0,500000.0,512988.0,147.9360837,76721506.4535,518612.528699
2014-08-16,506000.0,545000.0,485000.0,545000.0,267.61267873,135313529.794,505631.98439
2014-08-15,532397.0,537799.0,495000.0,502000.0,166.37480169,85943896.752,516567.989136
2014-08-14,568000.0,577000.0,470000.0,525000.0,546.24059467,290154337.253,531184.134032
2014-08-13,592012.0,597000.0,539999.0,571000.0,534.46524432,305103899.984,570858.261088
2014-08-12,600002.0,601499.0,585621.0,596999.0,275.73686715,163891166.865,594375.241002
2014-08-11,615799.0,615799.0,600000.0,600002.0,201.02862873,122456768.045,609150.889694
2014-08-10,612499.0,620000.0,608100.0,612000.0,147.83895491,90747165.8923,613824.454776
2014-08-09,615000.0,615500.0,605000.0,612800.0,117.51919137,71815423.3354,611095.28153
2014-08-08,613999.0,622900.0,611000.0,615999.0,213.2707782,131626612.216,617180.718931
2014-08-07,610000.0,617000.0,605000.0,611500.0,123.44114707,75275051.9601,609805.18852
2014-08-06,602000.0,612500.0,601520.0,610000.0,220.14022264,133344708.327,605726.235432
2014-08-05,597000.0,605900.0,597000.0,602000.0,210.17058644,126375760.773,601300.890452
2014-08-04,600001.0,607899.0,595600.0,603699.0,106.77303903,64184929.6121,601134.23946
2014-08-03,605999.0,609699.0,598100.0,603001.0,103.68121695,62415748.519,601996.681319
2014-08-02,616501.0,620800.0,600000.0,609999.0,120.11897414,73288447.4596,610132.145935
2014-08-01,596501.0,621998.0,596003.0,621000.0,272.3536529,165860775.297,608990.456088
2014-07-31,583001.0,603000.0,570200.0,602800.0,332.92873037,195939677.303,588533.398982
2014-07-30,595002.0,600000.0,584000.0,585000.0,263.40805752,156254039.329,593201.441142
2014-07-29,603001.0,607999.0,595000.0,595001.0,89.08787114,53447809.6192,599944.851474
2014-07-28,612999.0,612999.0,590000.0,608999.0,399.10463846,239314859.289,599629.360892
2014-07-27,612701.0,616499.0,610001.0,610602.0,103.19892006,63283685.1868,613220.420815
2014-07-26,619111.0,621999.0,605000.0,612701.0,192.25336618,117862699.009,613059.22154
2014-07-25,621001.0,628899.0,616000.0,620000.0,177.84739011,110767445.03,622822.999885
2014-07-24,643400.0,646000.0,618003.0,621000.0,404.27261919,256104953.682,633495.669817
2014-07-23,643000.0,646000.0,641006.0,643400.0,171.73947349,110596846.5,643980.351475
2014-07-22,646002.0,647999.0,642002.0,643000.0,202.973723,130900904.844,644915.523594
2014-07-21,649993.0,649993.0,640100.0,648899.0,334.26903198,215949156.22,646033.989272
2014-07-20,652400.0,652450.0,640000.0,649993.0,159.00263439,103077533.433,648275.632845
2014-07-19,653700.0,657000.0,649000.0,652450.0,127.74305451,83291166.3992,652021.095931
2014-07-18,645989.0,653999.0,643000.0,653500.0,266.08699679,172431094.32,648025.256401
2014-07-17,638003.0,648500.0,635000.0,645001.0,240.06964268,153709152.748,640269.011242
2014-07-16,642992.0,647000.0,636000.0,637201.0,214.15710713,137041169.719,639909.511084
2014-07-15,633512.0,643000.0,633512.0,642997.0,208.9671852,133354194.876,638158.545075
2014-07-14,645000.0,647795.0,633103.0,633500.0,155.74174566,99493480.9024,638836.302243
2014-07-13,649500.0,650000.0,644101.0,645500.0,70.80249147,45851938.8987,647603.4663
2014-07-12,650000.0,653000.0,642000.0,649999.0,130.276998,84405596.569,647893.318581
2014-07-11,640001.0,650000.0,635400.0,650000.0,296.13721364,190050003.826,641763.328188
2014-07-10,642000.0,643000.0,632500.0,638502.0,315.59674064,201656458.341,638968.760996
2014-07-09,640000.0,642900.0,633100.0,640000.0,156.51813373,100111316.298,639614.80956
2014-07-08,645000.0,646000.0,636101.0,640000.0,107.76082585,69160535.9417,641796.639884
2014-07-07,654500.0,654500.0,632500.0,640000.0,223.31865734,144200155.932,645714.772111
2014-07-06,652000.0,655000.0,648000.0,651101.0,148.27550112,96714684.0734,652263.41063
2014-07-05,652000.0,657900.0,640000.0,652000.0,142.6126688,92451851.5995,648272.361617
2014-07-04,661200.0,665900.0,641000.0,652000.0,275.12518873,179858105.015,653731.873281
2014-07-03,669010.0,673000.0,661000.0,666000.0,308.77008995,205872793.317,666751.087678
2014-07-02,668300.0,677900.0,660100.0,673000.0,400.97998921,267831671.179,667942.736262
2014-07-01,659100.0,685000.0,658100.0,668200.0,594.58333855,398783051.812,670693.283779
2014-06-30,623000.0,676900.0,619100.0,655305.0,731.57635167,472662857.811,646088.21312
2014-06-29,619900.0,629000.0,619000.0,623000.0,101.92974374,63377617.0095,621777.458513
2014-06-28,628000.0,629000.0,615500.0,617000.0,210.34096002,131098663.08,623267.399121
2014-06-27,610000.0,628000.0,605000.0,628000.0,303.22554437,186551321.34,615222.974462
2014-06-26,582001.0,618399.0,582000.0,610000.0,489.15621151,294130719.415,601302.227171
2014-06-25,604000.0,609000.0,574000.0,585000.0,478.82245118,282405765.39,589792.238635
2014-06-24,610000.0,611000.0,604000.0,604000.0,218.81004286,133196242.807,608730.024754
2014-06-23,617000.0,617799.0,608100.0,610000.0,128.60219511,78669609.7168,611728.358521
2014-06-22,613000.0,623000.0,612000.0,618000.0,212.37150138,131179374.811,617688.220682
2014-06-21,610000.0,615900.0,607000.0,610202.0,133.6915803,81736352.1721,611379.953686
2014-06-20,616000.0,617000.0,606000.0,613000.0,187.44106488,114610843.7,611450.024427
2014-06-19,624000.0,624500.0,615200.0,617999.0,167.0698927,103741422.893,620946.247203
2014-06-18,616999.0,630000.0,615000.0,621000.0,251.70102532,156810468.077,623002.897496
2014-06-17,609999.0,617000.0,605000.0,617000.0,366.09470734,224288809.835,612652.423918
2014-06-16,617997.0,622999.0,605000.0,610000.0,507.41059027,312108049.359,615099.596547
2014-06-15,605000.0,619000.0,587001.0,617999.0,313.82507709,187578906.024,597718.027391
2014-06-14,633000.0,634990.0,580000.0,604000.0,360.71093502,219596401.875,608787.75927
2014-06-13,612000.0,640999.0,612000.0,623503.0,660.0120073,415766959.548,629938.478315
2014-06-12,662000.0,664000.0,580000.0,611100.0,843.65036035,531100903.925,629527.26495
2014-06-11,677000.0,678988.0,660003.0,660101.0,496.97923727,332425507.6,668892.144118
2014-06-10,673000.0,681000.0,671000.0,677000.0,245.19101772,165579287.256,675307.312625
2014-06-09,680000.0,683900.0,665000.0,673000.0,222.37449793,150395035.609,676314.222218
2014-06-08,678000.0,683999.0,677000.0,682000.0,65.32715516,44471299.4635,680747.529179
2014-06-07,685050.0,685050.0,674000.0,678000.0,160.31180341,108986386.425,679840.062343
2014-06-06,689000.0,690000.0,676000.0,680100.0,109.32627344,74764560.6223,683866.359566
2014-06-05,679000.0,696000.0,675000.0,690000.0,521.5977221,356148212.172,682802.46842
2014-06-04,708000.0,709998.0,645200.0,679000.0,665.409866,449537874.528,675580.41667
2014-06-03,680000.0,713999.0,677000.0,708000.0,540.26946071,377131553.001,698043.440223
2014-06-02,648000.0,686000.0,641000.0,682000.0,544.29777389,363336325.68,667532.264707
2014-06-01,635000.0,690000.0,629001.0,650000.0,479.97349972,317274856.3,661025.778474
2014-05-31,633000.0,640000.0,620000.0,640000.0,353.82603193,222745878.758,629535.021894
2014-05-30,593399.0,637800.0,590000.0,633000.0,591.86496845,360373671.699,608878.191663
2014-05-29,601000.0,602999.0,582000.0,593399.0,189.57089503,112372997.572,592775.581685
2014-05-28,600000.0,609000.0,592000.0,602000.0,202.32694948,121490519.626,600466.324125
2014-05-27,613000.0,619800.0,575001.0,600000.0,455.67700764,273984379.688,601268.82659
2014-05-26,594000.0,626000.0,589000.0,613000.0,679.38306776,414081232.764,609495.956573
2014-05-25,547000.0,598000.0,542000.0,596000.0,410.70061602,237025905.633,577125.761169
2014-05-24,546000.0,553500.0,540000.0,547000.0,218.68762481,118913684.737,543760.465824
2014-05-23,550000.0,564000.0,541000.0,545000.0,424.5545175,235122287.982,553809.412668
2014-05-22,506006.0,550000.0,506006.0,550000.0,385.61775212,203874094.583,528694.785088
2014-05-21,491000.0,520000.0,491000.0,511999.0,390.99626885,199721767.588,510802.233932
2014-05-20,464962.0,500000.0,463001.0,499900.0,256.64449272,122447414.037,477109.065306
2014-05-19,465000.0,466799.0,462000.0,463000.0,135.40724755,62860877.2669,464235.691991
2014-05-18,466000.0,466000.0,464900.0,465000.0,44.42741101,20672969.4229,465320.147021
2014-05-17,465001.0,468000.0,464700.0,466000.0,46.22002808,21528361.127,465779.923148
2014-05-16,463101.0,474000.0,458111.0,465001.0,144.61192417,67282202.1056,465260.402915
2014-05-15,455000.0,465000.0,455000.0,465000.0,126.0319173,58128012.1514,461216.598118
2014-05-14,452000.0,459999.0,450000.0,454000.0,110.37722889,50180148.368,454624.100212
2014-05-13,454000.0,459999.0,449001.0,452000.0,77.0794128,34900508.8212,452786.386836
2014-05-12,454000.0,460000.0,430000.0,455000.0,231.3629162,103683563.987,448142.535935
2014-05-11,476999.0,476999.0,452000.0,460000.0,90.76371405,42188600.9343,464817.921742
2014-05-10,475000.0,477000.0,466501.0,470001.0,55.15778955,25966628.3443,470769.923091
2014-05-09,462160.0,480000.0,458500.0,479000.0,117.31343158,54656168.6829,465898.643888
2014-05-08,458201.0,469999.0,456100.0,462160.0,161.81737227,74681868.8396,461519.475888
2014-05-07,449899.0,464500.0,447000.0,463000.0,116.75369044,53119791.0416,454973.121975
2014-05-06,448503.0,452000.0,436000.0,446501.0,101.39657164,45035110.4533,444148.255951
2014-05-05,453103.0,457990.0,448500.0,448502.0,48.49978079,21874005.0162,451012.451189
2014-05-04,459000.0,460000.0,450000.0,459997.0,56.71546234,25718861.058,453471.769371
2014-05-03,462000.0,466500.0,451200.0,459000.0,109.66605405,50373299.018,459333.56
2014-05-02,473500.0,474900.0,460000.0,461002.0,192.23961145,89745807.9475,466843.473468
2014-05-01,465999.0,474000.0,461000.0,473500.0,176.40876115,82553378.7386,467966.433189
2014-04-30,465021.0,471000.0,455000.0,463000.0,112.72784089,52224195.2196,463276.816156
2014-04-29,457000.0,477100.0,450000.0,465020.0,196.35935178,90593849.3551,461367.633036
2014-04-28,451000.0,470000.0,439000.0,459100.0,176.52625544,79519121.4524,450466.256445
2014-04-27,481999.0,481999.0,450100.0,452000.0,63.8886337,29899409.6127,467992.628439
2014-04-26,476600.0,488000.0,470000.0,482900.0,112.62822132,53927453.9272,478809.425339
2014-04-25,529800.0,529800.0,475000.0,491900.0,347.48002462,172905390.308,497598.071996
2014-04-24,520020.0,529900.0,513000.0,529900.0,121.82494478,63558909.6327,521723.27882
2014-04-23,528250.0,533900.0,515000.0,523000.0,120.17121291,62951029.9217,523844.508159
2014-04-22,530000.0,539000.0,527100.0,528200.0,97.08883329,51500604.0995,530448.274578
2014-04-21,525601.0,549000.0,525000.0,530000.0,170.31766678,91404427.8525,536670.267863
2014-04-20,534000.0,540000.0,525500.0,525500.0,53.60856617,28596311.9885,533428.032712
2014-04-19,516000.0,539899.0,505000.0,530000.0,102.27924854,53011250.4426,518299.177979
2014-04-18,541999.0,541999.0,515000.0,516000.0,97.64257404,51191156.5797,524270.863228
2014-04-17,579500.0,580000.0,518002.0,518002.0,142.75444711,78643100.6726,550897.728685
2014-04-16,555000.0,590000.0,530001.0,570004.0,313.25686234,177781945.12,567527.695297
2014-04-15,501000.0,555000.0,496200.0,555000.0,276.92723663,145442472.475,525201.039253
2014-04-14,453000.0,520000.0,440000.0,500001.0,308.64000443,145624774.341,471827.281789
2014-04-13,444000.0,455000.0,430000.0,455000.0,96.39505678,42933066.6291,445386.600343
2014-04-12,445000.0,470000.0,430000.0,444000.0,156.07868702,70364161.4,450824.918786
2014-04-11,390000.0,450000.0,362000.0,430000.0,284.42909787,115521352.765,406151.668836
2014-04-10,467500.0,470000.0,385000.0,386000.0,578.37113216,244167338.859,422163.772157
2014-04-09,470000.0,483000.0,467001.0,467500.0,82.04865595,38843018.5273,473414.440219
2014-04-08,468000.0,480000.0,465000.0,467000.0,42.88691695,20391281.7387,475466.253788
2014-04-07,483600.0,484000.0,466000.0,470000.0,72.8457431,34700544.5386,476356.51806
2014-04-06,470000.0,505000.0,462000.0,466200.0,91.30372701,44235448.4004,484486.776707
2014-04-05,462000.0,470000.0,447000.0,470000.0,76.7910347,35269944.8235,459297.689649
2014-04-04,458000.0,479000.0,435000.0,452100.0,54.13770455,24688288.0386,456027.610403
2014-04-03,454000.0,460000.0,410000.0,456000.0,170.62554125,74624467.9346,437358.13166
2014-04-02,511600.0,516000.0,451102.0,499000.0,96.66021028,47170528.4919,488003.578259
2014-04-01,490000.0,519900.0,482000.0,513400.0,136.61880107,68648783.1624,502484.157559
2014-03-31,480000.0,514999.0,452000.0,480000.0,127.49382282,62390327.8924,489359.613763
2014-03-30,524000.0,539000.0,452000.0,470000.0,170.45197148,85651192.8046,502494.585782
2014-03-29,530000.0,540000.0,525000.0,525000.0,63.6358211,33661332.137,528968.300481
2014-03-28,514000.0,560000.0,511001.0,550000.0,160.18933702,85154820.6303,531588.570216
2014-03-27,620001.0,635888.0,510000.0,510000.0,164.82089171,94169877.1153,571346.72758
2014-03-26,620000.0,629000.0,610000.0,620001.0,64.28285899,39619460.6986,616330.096718
2014-03-25,620000.0,626300.0,610000.0,620000.0,33.91146131,20999676.9091,619250.132489
2014-03-24,611000.0,620000.0,590000.0,620000.0,107.56338076,64904131.4501,603403.602523
2014-03-23,625000.0,625000.0,610000.0,620000.0,17.78171889,11022179.4058,619860.176287
2014-03-22,621100.0,637000.0,602501.0,605000.0,29.33767278,18071220.5941,615973.214019
2014-03-21,637500.0,650000.0,610000.0,621100.0,80.62526631,51239405.2009,635525.407182
2014-03-20,665000.0,669780.0,640000.0,640000.0,118.22181075,77077223.9995,651971.269181
2014-03-19,660000.0,669500.0,650000.0,651002.0,50.88374772,33507719.9001,658515.172358
2014-03-18,669000.0,670000.0,649000.0,652500.0,77.99550368,51199251.4302,656438.499843
2014-03-17,674001.0,674001.0,655000.0,670899.0,50.69695161,33716616.7082,665062.013345
2014-03-16,670000.0,680000.0,670000.0,680000.0,19.19650722,13009533.8977,677703.1753
2014-03-15,670000.0,680000.0,663000.0,670000.0,22.44705137,15017907.7392,669036.992504
2014-03-14,670234.0,695200.0,660100.0,666666.0,45.7807322,30815150.5892,673103.052493
2014-03-13,664001.0,672000.0,660011.0,670234.0,31.31893699,20865037.4574,666211.546836
2014-03-12,650100.0,671000.0,649500.0,665233.0,82.41913318,54835651.021,665326.713656
2014-03-11,642001.0,663000.0,642001.0,649100.0,34.70264154,22637422.382,652325.626448
2014-03-10,670000.0,674000.0,639800.0,650000.0,86.4527108,56924921.0107,658451.545173
2014-03-09,651000.0,670000.0,636000.0,670000.0,67.19787981,43918660.2044,653572.111629
2014-03-08,659000.0,677000.0,640001.0,641002.0,82.38964899,53850902.3571,653612.474592
2014-03-07,694000.0,694000.0,646000.0,649000.0,156.98885492,105020330.464,668966.790777
2014-03-06,696000.0,709999.0,684000.0,695000.0,67.81724787,47294615.4113,697383.289602
2014-03-05,715000.0,720000.0,650000.0,696000.0,120.86130036,83979007.9511,694837.865396
2014-03-04,700000.0,738000.0,671000.0,705000.0,222.03357072,157356215.684,708704.612431
2014-03-03,590100.0,700000.0,565000.0,695000.0,318.6555101,199616600.793,626433.858716
2014-03-02,600000.0,607000.0,590000.0,599900.0,48.44208797,28973696.3337,598109.981379
2014-03-01,611000.0,611000.0,590000.0,605000.0,51.30307596,30424002.7207,593024.923971
2014-02-28,610100.0,628100.0,595000.0,595100.0,115.18647907,70451985.9028,611634.164631
2014-02-27,610000.0,625000.0,595000.0,615690.0,110.97935781,67537866.1388,608562.416214
2014-02-26,610000.0,639000.0,570000.0,610000.0,228.24040692,140054673.353,613627.863895
2014-02-25,618000.0,645000.0,500000.0,608100.0,544.20134785,308018175.308,566000.390343
2014-02-24,655000.0,655000.0,617000.0,618000.0,136.83533547,86741242.1307,633909.668382
2014-02-23,650000.0,687999.0,650000.0,655000.0,110.48295542,74445343.9905,673817.456344
2014-02-22,640000.0,656000.0,612000.0,655900.0,115.83155317,73480423.102,634373.114156
2014-02-21,650000.0,656500.0,601001.0,623000.0,211.5397604,132855568.932,628040.651464
2014-02-20,689000.0,689000.0,631100.0,638000.0,264.01831711,174062190.9,659280.73781
2014-02-19,685000.0,700000.0,681200.0,690000.0,107.13186246,73735376.1715,688267.472238
2014-02-18,678300.0,702540.0,678200.0,685000.0,126.34586799,87658085.9242,693794.639419
2014-02-17,670000.0,719800.0,630000.0,678300.0,256.12800856,172335549.098,672849.29152
2014-02-16,708000.0,720000.0,670000.0,670000.0,99.53218676,68773454.4404,690966.979418
2014-02-15,725000.0,729999.0,665001.0,681500.0,140.19297711,97635432.9614,696435.976852
2014-02-14,680000.0,749000.0,610000.0,713000.0,363.22512735,239730746.725,660005.954087
2014-02-13,723000.0,737998.0,662000.0,680000.0,236.12809228,166851656.198,706615.01809
2014-02-12,780000.0,788000.0,720000.0,723000.0,132.23601575,97700700.9185,738835.78815
2014-02-11,795000.0,795000.0,730000.0,763600.0,146.05586223,112599014.841,770931.156898
2014-02-10,810000.0,822000.0,700000.0,794000.0,424.56021818,322843206.882,760417.940866
2014-02-09,790000.0,823800.0,770700.0,804000.0,93.14173446,74394950.5934,798728.422063
2014-02-08,822000.0,827000.0,790000.0,790000.0,135.65518212,108972264.263,803303.364896
2014-02-07,850300.0,870000.0,750000.0,822220.0,460.55160787,371119109.269,805814.381987
2014-02-06,888000.0,890000.0,850000.0,870000.0,246.59155091,213658853.391,866448.394532
2014-02-05,897400.0,897500.0,880000.0,880000.0,40.18434037,35812409.5998,891203.122162
2014-02-04,899000.0,900000.0,890000.0,897400.0,57.57107732,51522784.3009,894942.160184
2014-02-03,892500.0,909000.0,887000.0,899999.0,118.49310303,106647423.47,900030.640963
2014-02-02,898900.0,900000.0,890500.0,892204.0,46.03675255,41365776.7668,898538.113041
2014-02-01,889900.0,900000.0,866000.0,899000.0,46.16304878,41203964.2542,892574.588186
2014-01-31,883000.0,894500.0,870500.0,889900.0,16.54414285,14638573.824,884819.114335
2014-01-30,865100.0,884000.0,865000.0,883000.0,35.84926402,31403635.1338,875991.069616
2014-01-29,879700.0,879700.0,836500.0,870000.0,66.4530792,57122791.3876,859595.854327
2014-01-28,860800.0,890000.0,821100.0,880000.0,182.57394016,155902266.462,853913.030116
2014-01-27,900000.0,911000.0,860000.0,888000.0,189.2548,167595658.416,885555.655212
2014-01-26,873700.0,905000.0,870001.0,903800.0,49.36363623,44007727.9487,891500.936917
2014-01-25,867010.0,904000.0,860000.0,873500.0,94.18645022,83266515.678,884060.451196
2014-01-24,891000.0,895000.0,850000.0,870000.0,236.38951629,205422198.969,868998.770303
2014-01-23,894000.0,910000.0,890000.0,891000.0,91.19972544,81910756.4183,898146.962868
2014-01-22,900000.0,915000.0,890000.0,895000.0,149.27893349,134377901.568,900179.941174
2014-01-21,905000.0,910000.0,895000.0,900000.0,75.50631485,68047902.1839,901221.339157
2014-01-20,919998.0,919998.0,875000.0,905000.0,175.18465287,156980515.942,896086.006225
2014-01-19,890000.0,920000.0,885000.0,920000.0,81.64848404,73573387.3249,901099.245013
2014-01-18,890000.0,900500.0,880000.0,890000.0,53.45820828,47437714.3982,887379.430109
2014-01-17,915000.0,920000.0,861000.0,890000.0,232.73457983,208188977.627,894533.926925
2014-01-16,919999.0,930000.0,902000.0,911000.0,160.94542303,148234561.061,921023.774835
2014-01-15,900000.0,925000.0,890000.0,923000.0,116.09181478,105367994.125,907626.384549
2014-01-14,875100.0,927900.0,875001.0,895000.0,63.20975648,56846504.7194,899331.177417
2014-01-13,901000.0,919999.0,861000.0,900000.0,208.94274326,186188086.104,891096.207501
2014-01-12,936500.0,950000.0,897000.0,900001.0,62.07921564,57452590.046,925472.228566
2014-01-11,915500.0,940000.0,890000.0,925000.0,136.59720965,126722805.949,927711.527006
2014-01-10,924000.0,924000.0,873000.0,910000.0,73.5137126,65587792.5322,892184.467531
2014-01-09,890000.0,940000.0,851000.0,940000.0,281.92058201,250394759.581,888174.810776
2014-01-08,830000.0,920000.0,800000.0,890000.0,379.31806192,332026874.178,875325.768823
2014-01-07,989999.0,1031000.0,820000.0,842000.0,370.02911083,349525783.145,944589.960398
2014-01-06,968000.0,1050000.0,921000.0,980000.0,438.07543188,439061270.227,1002250.38492
2014-01-05,885999.0,971000.0,861000.0,970000.0,182.81748237,166908410.315,912978.387794
2014-01-04,839000.0,880000.0,820000.0,880000.0,200.11033669,169835184.641,848707.705211
2014-01-03,810004.0,848500.0,788000.0,840000.0,219.74316126,179450153.863,816635.898172
2014-01-02,767000.0,820000.0,766000.0,800000.0,187.28091827,147770981.241,789033.835404
2014-01-01,775500.0,790000.0,765000.0,766000.0,62.50614651,48431605.1133,774829.481859
2013-12-31,773000.0,781000.0,762200.0,775000.0,102.76016721,79215825.9912,770880.664581
2013-12-30,751500.0,779000.0,740002.0,762300.0,206.93408363,158204891.263,764518.2876
2013-12-29,740000.0,767400.0,730000.0,751000.0,139.48806584,103732385.864,743664.952551
2013-12-28,736000.0,760000.0,730000.0,732600.0,121.30158638,90127836.7614,743006.249556
2013-12-27,777999.0,798000.0,733000.0,750000.0,323.32028585,245623677.598,759691.514414
2013-12-26,691990.0,780000.0,691990.0,778000.0,410.75899733,300617373.556,731858.280671
2013-12-25,682900.0,690000.0,640000.0,690000.0,106.21330331,71608308.4716,674193.403651
2013-12-24,678000.0,695000.0,651000.0,673000.0,168.62194505,114496225.789,679011.416664
2013-12-23,640000.0,690000.0,630000.0,652000.0,173.28255776,116304933.852,671186.617718
2013-12-22,650000.0,689000.0,625000.0,631010.0,117.58590958,76509034.8371,650664.991328
2013-12-21,644000.0,698000.0,610000.0,670000.0,202.05497024,130527274.168,645998.828998
2013-12-20,699999.0,759999.0,631004.0,650000.0,647.60251148,457651379.905,706685.616242
2013-12-19,547000.0,700000.0,515001.0,699999.0,728.85292488,450623274.163,618263.656192
2013-12-18,703100.0,719999.0,462000.0,547000.0,1613.71667469,939706665.562,582324.444124
2013-12-17,763000.0,825000.0,650000.0,704000.0,967.27554346,700651854.759,724356.011579
2013-12-16,954500.0,955000.0,750000.0,760000.0,549.65192532,460700326.594,838167.402626
2013-12-15,941000.0,960000.0,880000.0,954500.0,346.74924597,315907128.408,911053.541082
2013-12-14,979000.0,999980.0,920000.0,941000.0,143.38216521,137444046.944,958585.377353
2013-12-13,950105.0,1015000.0,950000.0,950002.0,231.35899844,226653424.013,979661.156648
2013-12-12,999000.0,1028500.0,946500.0,979900.0,242.67804206,236934651.105,976333.289547
2013-12-11,1110000.0,1110000.0,921000.0,980000.0,549.38494462,557845217.167,1015399.53475
2013-12-10,971610.0,1126500.0,971610.0,1117000.0,549.44937577,565819930.958,1029794.47409
2013-12-09,865500.0,1010000.0,815000.0,965000.0,751.74925365,692378448.026,921023.126613
2013-12-08,770000.0,900000.0,760000.0,860000.0,369.1826676,302395930.833,819095.687234
2013-12-07,825000.0,930000.0,600000.0,770000.0,1361.92093815,1034566896.26,759637.999004
2013-12-06,1174800.0,1174800.0,825000.0,825000.0,693.13252493,715327325.502,1032021.00576
2013-12-05,1289888.0,1379000.0,900000.0,1174500.0,1424.14329917,1676951702.43,1177516.12735
2013-12-04,1235000.0,1320000.0,1230000.0,1289888.0,808.4275606,1030624604.02,1274850.901
2013-12-03,1220000.0,1299000.0,1166000.0,1270000.0,609.62590255,750042008.58,1230331.59425
2013-12-02,1150000.0,1299500.0,1090000.0,1210000.0,624.95567932,751836908.066,1203024.36308
2013-12-01,1506000.0,1540000.0,1000001.0,1150000.0,631.64928797,795394842.959,1259234.92373
2013-11-30,1649000.0,1659000.0,1470000.0,1560000.0,230.06445156,356711721.014,1550486.04248
2013-11-29,1480000.0,1795000.0,1380000.0,1660000.0,664.51456675,1064164513.85,1601416.38287
2013-11-28,1250000.0,1499998.0,1200000.0,1420000.0,596.27022812,799975975.38,1341633.26903
2013-11-27,1085000.0,1270000.0,1050000.0,1270000.0,502.16214201,581888838.428,1158766.83993
2013-11-26,980100.0,1088000.0,951000.0,1088000.0,274.06453067,274427499.393,1001324.39146
2013-11-25,960000.0,1000000.0,940000.0,998100.0,242.84210367,237421017.906,977676.499742
2013-11-24,1000000.0,1020000.0,920000.0,994900.0,90.10120937,87123396.2222,966950.353179
2013-11-23,926000.0,1051811.0,921510.0,1020000.0,227.47335388,226680663.543,996515.238715
2013-11-22,939999.0,977000.0,880000.0,915000.0,219.20865996,200326781.02,913863.444338
2013-11-21,794500.0,940000.0,721001.0,939999.0,260.04107681,215774726.148,829771.699129
2013-11-20,870000.0,949999.0,565061.0,794900.0,437.79322977,312631400.076,714107.434325
2013-11-19,968000.0,1250000.0,700000.0,900000.0,425.86356945,397943222.072,934438.281691
2013-11-18,550000.0,970000.0,550000.0,970000.0,318.34359975,231983259.551,728719.722129
2013-11-17,495001.0,560000.0,495001.0,560000.0,139.84846855,74553597.995,533102.713015
2013-11-16,500000.0,510000.0,489000.0,509000.0,46.27568135,23485103.8302,507504.225656
2013-11-15,500000.0,511997.0,477000.0,480001.0,97.91795799,49031242.3353,500737.99885
2013-11-14,496000.0,520000.0,480000.0,500000.0,145.04470097,73114633.5593,504083.452001
2013-11-13,440000.0,499900.0,430000.0,496000.0,117.77719803,53069177.1739,450589.571339
2013-11-12,420000.0,443000.0,420000.0,443000.0,77.84583415,33694120.4528,432831.388099
2013-11-11,418000.0,441000.0,380000.0,438000.0,109.82620862,44062385.9699,401201.011339
2013-11-10,422000.0,422000.0,345500.0,418000.0,94.23074961,36694582.3615,389411.975532
2013-11-09,445999.0,450000.0,400000.0,450000.0,85.21093514,37042588.5269,434716.37139
2013-11-08,400000.0,449999.0,378000.0,446000.0,191.15393798,80285277.6585,420003.262852
2013-11-07,300500.0,410000.0,300500.0,395000.0,218.97294375,78752601.9615,359645.354411
2013-11-06,284000.0,317000.0,284000.0,317000.0,155.10589904,45743041.6718,294914.906235
2013-11-05,281000.0,284500.0,265000.0,284000.0,78.51786,21950831.284,279564.818552
2013-11-04,250000.0,290000.0,250000.0,281000.0,137.53413073,36868277.7581,268066.388775
2013-11-03,240000.0,249000.0,235000.0,249000.0,44.17178,10630041.4917,240652.323536
2013-11-02,240000.0,247999.0,235000.0,240000.0,8.9234101,2125453.50659,238188.482068
2013-11-01,247000.0,255000.0,235000.0,235000.0,82.63832,20428721.0058,247206.39294
2013-10-31,249000.0,273000.0,230000.0,245000.0,39.51050787,9978755.25217,252559.528847
2013-10-30,269500.0,280000.0,230000.0,242000.0,65.33117457,16679377.3359,255305.027741
2013-10-29,225000.0,269500.0,220000.0,269500.0,39.32987682,9385142.4845,238626.287274
2013-10-28,218000.0,245000.0,213000.0,213000.0,22.957,5201705.0,226584.701834
2013-10-27,205000.0,220000.0,205000.0,220000.0,3.21365,672503.0,209264.543432
2013-10-26,200000.0,200000.0,200000.0,200000.0,2.13995,427990.0,200000.0
2013-10-25,220000.0,220000.0,200000.0,201000.0,3.41182144,685364.288,200879.295723
2013-10-24,233000.0,250000.0,210100.0,249500.0,33.79666303,8099092.34932,239641.775939
2013-10-23,197000.0,233000.0,197000.0,233000.0,17.22494,3588375.42,208324.407516
2013-10-22,190000.0,198000.0,190000.0,197000.0,4.67,916560.0,196265.524625
2013-10-21,179000.0,179000.0,160000.0,179000.0,35.22942,5935117.2,168470.477232
2013-10-20,174000.0,175000.0,174000.0,175000.0,4.95,862300.0,174202.020202
2013-10-19,0.0,0.0,0.0,0.0,0.0,0.0,0.0
2013-10-18,168000.0,175480.0,168000.0,175480.0,6.5,1125375.9892,173134.767569
2013-10-17,147000.0,147000.0,144000.0,147000.0,3.5,513000.0,146571.428571
2013-10-16,145000.0,168000.0,145000.0,147000.0,8.51749417,1266136.65465,148651.308634
2013-10-15,140000.0,145000.0,140000.0,145000.0,9.95902069,1401450.00005,140721.667689
2013-10-14,138777.0,145000.0,138777.0,145000.0,9.75431,1357986.95,139219.170808
2013-10-13,135000.0,135000.0,135000.0,135000.0,1.20259061,162349.73235,135000.0
2013-10-12,142999.0,142999.0,142999.0,142999.0,0.02847,4071.18153,142999.0
2013-10-11,139500.0,139500.0,139100.0,139100.0,2.2,306700.0,139409.090909
2013-10-10,139000.0,139000.0,139000.0,139000.0,0.296,41144.0,139000.0
2013-10-09,142000.0,142000.0,142000.0,142000.0,0.2,28400.0,142000.0
2013-10-08,145000.0,145000.0,145000.0,145000.0,3.10345,450000.25,145000.0
2013-10-07,140000.0,145000.0,138000.0,139000.0,2.57544495,360996.5031,140168.596149
2013-10-06,139000.0,140000.0,139000.0,140000.0,2.2279496,311443.964,139789.501522
2013-10-05,139000.0,139000.0,139000.0,139000.0,0.02852,3964.28,139000.0
2013-10-04,0.0,0.0,0.0,0.0,0.0,0.0,0.0
2013-10-03,0.0,0.0,0.0,0.0,0.0,0.0,0.0
2013-10-02,139000.0,139000.0,135000.0,135000.0,4.17814815,571170.00025,136704.104245
2013-10-01,140000.0,147500.0,140000.0,145000.0,2.3215244,334899.849,144258.595344
2013-09-30,147500.0,147500.0,147500.0,147500.0,2.3,339250.0,147500.0
2013-09-29,148000.0,148000.0,148000.0,148000.0,0.13513514,20000.00072,148000.0
2013-09-28,137000.0,148000.0,137000.0,148000.0,0.4293,61314.4,142824.132308
2013-09-27,141000.0,148000.0,131000.0,148000.0,5.0468,726726.4,143997.463739
2013-09-26,147000.0,148000.0,147000.0,148000.0,2.5,368500.0,147400.0
2013-09-25,148000.0,148000.0,148000.0,148000.0,2.0,296000.0,148000.0
2013-09-24,142000.0,146000.0,141000.0,141000.0,4.68,677099.62,144679.405983
2013-09-23,142000.0,142000.0,142000.0,142000.0,0.2,28400.0,142000.0
2013-09-22,0.0,0.0,0.0,0.0,0.0,0.0,0.0
2013-09-21,0.0,0.0,0.0,0.0,0.0,0.0,0.0
2013-09-20,144000.0,144000.0,144000.0,144000.0,0.4,57600.0,144000.0
2013-09-19,0.0,0.0,0.0,0.0,0.0,0.0,0.0
2013-09-18,144000.0,144000.0,144000.0,144000.0,0.1,14400.0,144000.0
2013-09-17,144000.0,144000.0,144000.0,144000.0,0.1,14400.0,144000.0
2013-09-16,0.0,0.0,0.0,0.0,0.0,0.0,0.0
2013-09-15,0.0,0.0,0.0,0.0,0.0,0.0,0.0
2013-09-14,135000.0,135000.0,135000.0,135000.0,0.1,13500.0,135000.0
2013-09-13,144000.0,144000.0,144000.0,144000.0,0.63,90720.0,144000.0
2013-09-12,144000.0,144000.0,144000.0,144000.0,0.22,31680.0,144000.0
2013-09-11,140000.0,140000.0,140000.0,140000.0,0.6,84000.0,140000.0
2013-09-10,0.0,0.0,0.0,0.0,0.0,0.0,0.0
2013-09-09,142000.0,142000.0,142000.0,142000.0,0.24,34080.0,142000.0
2013-09-08,141000.0,160000.0,141000.0,146000.0,0.8,117600.0,147000.0
2013-09-07,145000.0,145000.0,140000.0,140000.0,0.4,56500.0,141250.0
2013-09-06,145000.0,145000.0,145000.0,145000.0,0.2,29000.0,145000.0
2013-09-05,150000.0,160000.0,150000.0,160000.0,1.4,213000.0,152142.857143
2013-09-04,180000.0,180000.0,180000.0,180000.0,3.44,619200.0,180000.0
2013-09-03,160000.0,160000.0,150000.0,150000.0,0.3,46000.0,153333.333333
